Year,Date,Time,Round,Stadium,City,Country,HomeTeam,HomeGoals,AwayGoals,AwayTeam,Observation,Match Winner,Total Goals
1930,1930-07-13, 15:00 ,Group 1,Pocitos,Montevideo ,Uruguay,France,4,1,Mexico, ,France,5
1930,1930-07-13, 15:00 ,Group 4,Parque Central,Montevideo ,Uruguay,USA,3,0,Belgium, ,USA,3
1930,1930-07-14, 12:45 ,Group 2,Parque Central,Montevideo ,Uruguay,Yugoslavia,2,1,Brazil, ,Yugoslavia,3
1930,1930-07-14, 14:50 ,Group 3,Pocitos,Montevideo ,Uruguay,Romania,3,1,Peru, ,Romania,4
1930,1930-07-15, 16:00 ,Group 1,Parque Central,Montevideo ,Uruguay,Argentina,1,0,France, ,Argentina,1
1930,1930-07-16, 14:45 ,Group 1,Parque Central,Montevideo ,Uruguay,Chile,3,0,Mexico, ,Chile,3
1930,1930-07-17, 12:45 ,Group 2,Parque Central,Montevideo ,Uruguay,Yugoslavia,4,0,Bolivia, ,Yugoslavia,4
1930,1930-07-17, 14:45 ,Group 4,Parque Central,Montevideo ,Uruguay,USA,3,0,Paraguay, ,USA,3
1930,1930-07-18, 14:30 ,Group 3,Estadio Centenario,Montevideo ,Uruguay,Uruguay,1,0,Peru, ,Uruguay,1
1930,1930-07-19, 12:50 ,Group 1,Estadio Centenario,Montevideo ,Uruguay,Chile,1,0,France, ,Chile,1
1930,1930-07-19, 15:00 ,Group 1,Estadio Centenario,Montevideo ,Uruguay,Argentina,6,3,Mexico, ,Argentina,9
1930,1930-07-20, 13:00 ,Group 2,Estadio Centenario,Montevideo ,Uruguay,Brazil,4,0,Bolivia, ,Brazil,4
1930,1930-07-20, 15:00 ,Group 4,Estadio Centenario,Montevideo ,Uruguay,Paraguay,1,0,Belgium, ,Paraguay,1
1930,1930-07-21, 14:50 ,Group 3,Estadio Centenario,Montevideo ,Uruguay,Uruguay,4,0,Romania, ,Uruguay,4
1930,1930-07-22, 14:45 ,Group 1,Estadio Centenario,Montevideo ,Uruguay,Argentina,3,1,Chile, ,Argentina,4
1930,1930-07-26, 14:45 ,Semi-finals,Estadio Centenario,Montevideo ,Uruguay,Argentina,6,1,USA, ,Argentina,7
1930,1930-07-27, 14:45 ,Semi-finals,Estadio Centenario,Montevideo ,Uruguay,Uruguay,6,1,Yugoslavia, ,Uruguay,7
1930,1930-07-30, 14:15 ,Final,Estadio Centenario,Montevideo ,Uruguay,Uruguay,4,2,Argentina, ,Uruguay,6
1934,1934-05-27, 16:30 ,Preliminary round,Stadio Benito Mussolini,Turin ,Italy,Austria,3,2,France,Austria win after extra time ,Austria,5
1934,1934-05-27, 16:30 ,Preliminary round,Giorgio Ascarelli,Naples ,Italy,Hungary,4,2,Egypt, ,Hungary,6
1934,1934-05-27, 16:30 ,Preliminary round,San Siro,Milan ,Italy,Switzerland,3,2,Netherlands, ,Switzerland,5
1934,1934-05-27, 16:30 ,Preliminary round,Littorale,Bologna ,Italy,Sweden,3,2,Argentina, ,Sweden,5
1934,1934-05-27, 16:30 ,Preliminary round,Giovanni Berta,Florence ,Italy,Germany,5,2,Belgium, ,Germany,7
1934,1934-05-27, 16:30 ,Preliminary round,Luigi Ferraris,Genoa ,Italy,Spain,3,1,Brazil, ,Spain,4
1934,1934-05-27, 16:30 ,Preliminary round,Nazionale PNF,Rome ,Italy,Italy,7,1,USA, ,Italy,8
1934,1934-05-27, 16:30 ,Preliminary round,Littorio,Trieste ,Italy,Czechoslovakia,2,1,Romania, ,Czechoslovakia,3
1934,1934-05-31, 16:30 ,Quarter-finals,Stadio Benito Mussolini,Turin ,Italy,Czechoslovakia,3,2,Switzerland, ,Czechoslovakia,5
1934,1934-05-31, 16:30 ,Quarter-finals,San Siro,Milan ,Italy,Germany,2,1,Sweden, ,Germany,3
1934,1934-05-31, 16:30 ,Quarter-finals,Giovanni Berta,Florence ,Italy,Italy,1,1,Spain, ,Draw,2
1934,1934-05-31, 16:30 ,Quarter-finals,Littorale,Bologna ,Italy,Austria,2,1,Hungary, ,Austria,3
1934,1934-06-01, 16:30 ,Quarter-finals,Giovanni Berta,Florence ,Italy,Italy,1,0,Spain, ,Italy,1
1934,1934-06-03, 16:30 ,Semi-finals,San Siro,Milan ,Italy,Italy,1,0,Austria, ,Italy,1
1934,1934-06-03, 16:30 ,Semi-finals,Nazionale PNF,Rome ,Italy,Czechoslovakia,3,1,Germany, ,Czechoslovakia,4
1934,1934-06-07, 18:00 ,Match for third place,Giorgio Ascarelli,Naples ,Italy,Germany,3,2,Austria, ,Germany,5
1934,1934-06-10, 17:30 ,Final,Nazionale PNF,Rome ,Italy,Italy,2,1,Czechoslovakia,Italy win after extra time ,Italy,3
1938,1938-06-04, 17:00 ,First round,Parc des Princes,Paris ,France,Switzerland,1,1,Germany, ,Draw,2
1938,1938-06-05, 17:00 ,First round,Velodrome Municipale,Reims ,France,Hungary,6,0,Dutch East Indies, ,Hungary,6
1938,1938-06-05, 17:00 ,First round,Stade Olympique,Colombes ,France,France,3,1,Belgium, ,France,4
1938,1938-06-05, 17:00 ,First round,Stade Municipal,Toulouse ,France,Cuba,3,3,Romania, ,Draw,6
1938,1938-06-05, 17:00 ,First round,Stade Vï¿½lodrome,Marseilles ,France,Italy,2,1,Norway,Italy win after extra time ,Italy,3
1938,1938-06-05, 17:30 ,First round,Stade de la Meinau,Strasbourg ,France,Brazil,6,5,Poland,Brazil win after extra time ,Brazil,11
1938,1938-06-05, 18:30 ,First round,Cavee Verte,Le Havre ,France,Czechoslovakia,3,0,Netherlands,Czechoslovakia win after extra time ,Czechoslovakia,3
1938,1938-06-09, 18:00 ,First round,Stade Municipal,Toulouse ,France,Cuba,2,1,Romania, ,Cuba,3
1938,1938-06-09, 18:00 ,First round,Parc des Princes,Paris ,France,Switzerland,4,2,Germany, ,Switzerland,6
1938,1938-06-12, 17:00 ,Quarter-finals,Stade du Parc Lescure,Bordeaux ,France,Brazil,1,1,Czechoslovakia, ,Draw,2
1938,1938-06-12, 17:00 ,Quarter-finals,Victor Boucquey,Lille ,France,Hungary,2,0,Switzerland, ,Hungary,2
1938,1938-06-12, 17:00 ,Quarter-finals,Fort Carree,Antibes ,France,Sweden,8,0,Cuba, ,Sweden,8
1938,1938-06-12, 17:00 ,Quarter-finals,Stade Olympique,Colombes ,France,Italy,3,1,France, ,Italy,4
1938,1938-06-14, 18:00 ,Quarter-finals,Stade du Parc Lescure,Bordeaux ,France,Brazil,2,1,Czechoslovakia, ,Brazil,3
1938,1938-06-16, 18:00 ,Semi-finals,Parc des Princes,Paris ,France,Hungary,5,1,Sweden, ,Hungary,6
1938,1938-06-16, 18:00 ,Semi-finals,Stade Vï¿½lodrome,Marseilles ,France,Italy,2,1,Brazil, ,Italy,3
1938,1938-06-19, 17:00 ,Match for third place,Stade du Parc Lescure,Bordeaux ,France,Brazil,4,2,Sweden, ,Brazil,6
1938,1938-06-19, 17:00 ,Final,Stade Olympique,Colombes ,France,Italy,4,2,Hungary, ,Italy,6
1950,1950-06-24, 15:00 ,Group 1,Maracanï¿½ - Estï¿½dio Jornalista Mï¿½rio Filho,Rio De Janeiro ,Brazil,Brazil,4,0,Mexico, ,Brazil,4
1950,1950-06-25, 15:00 ,Group 2,Maracanï¿½ - Estï¿½dio Jornalista Mï¿½rio Filho,Rio De Janeiro ,Brazil,England,2,0,Chile, ,England,2
1950,1950-06-25, 15:00 ,Group 2,Durival de Brito,Curitiba ,Brazil,Spain,3,1,USA, ,Spain,4
1950,1950-06-25, 15:00 ,Group 3,Pacaembu,Sao Paulo ,Brazil,Sweden,3,2,Italy, ,Sweden,5
1950,1950-06-25, 15:00 ,Group 1,Independencia,Belo Horizonte ,Brazil,Yugoslavia,3,0,Switzerland, ,Yugoslavia,3
1950,1950-06-28, 15:00 ,Group 1,Pacaembu,Sao Paulo ,Brazil,Brazil,2,2,Switzerland, ,Draw,4
1950,1950-06-28, 15:00 ,Group 1,Eucaliptos,Porto Alegre ,Brazil,Yugoslavia,4,1,Mexico, ,Yugoslavia,5
1950,1950-06-29, 15:00 ,Group 2,Maracanï¿½ - Estï¿½dio Jornalista Mï¿½rio Filho,Rio De Janeiro ,Brazil,Spain,2,0,Chile, ,Spain,2
1950,1950-06-29, 15:30 ,Group 3,Durival de Brito,Curitiba ,Brazil,Sweden,2,2,Paraguay, ,Draw,4
1950,1950-06-29, 15:00 ,Group 2,Independencia,Belo Horizonte ,Brazil,USA,1,0,England, ,USA,1
1950,1950-07-01, 15:00 ,Group 1,Maracanï¿½ - Estï¿½dio Jornalista Mï¿½rio Filho,Rio De Janeiro ,Brazil,Brazil,2,0,Yugoslavia, ,Brazil,2
1950,1950-07-02, 15:00 ,Group 2,Maracanï¿½ - Estï¿½dio Jornalista Mï¿½rio Filho,Rio De Janeiro ,Brazil,Spain,1,0,England, ,Spain,1
1950,1950-07-02, 15:00 ,Group 3,Pacaembu,Sao Paulo ,Brazil,Italy,2,0,Paraguay, ,Italy,2
1950,1950-07-02, 15:00 ,Group 4,Independencia,Belo Horizonte ,Brazil,Uruguay,8,0,Bolivia, ,Uruguay,8
1950,1950-07-02, 15:40 ,Group 1,Eucaliptos,Porto Alegre ,Brazil,Switzerland,2,1,Mexico, ,Switzerland,3
1950,1950-07-02, 15:00 ,Group 2,Ilha do Retiro,Recife ,Brazil,Chile,5,2,USA, ,Chile,7
1950,1950-07-09, 15:00 ,Group 6,Pacaembu,Sao Paulo ,Brazil,Uruguay,2,2,Spain, ,Draw,4
1950,1950-07-09, 15:00 ,Group 6,Maracanï¿½ - Estï¿½dio Jornalista Mï¿½rio Filho,Rio De Janeiro ,Brazil,Brazil,7,1,Sweden, ,Brazil,8
1950,1950-07-13, 15:00 ,Group 6,Maracanï¿½ - Estï¿½dio Jornalista Mï¿½rio Filho,Rio De Janeiro ,Brazil,Brazil,6,1,Spain, ,Brazil,7
1950,1950-07-13, 15:00 ,Group 6,Pacaembu,Sao Paulo ,Brazil,Uruguay,3,2,Sweden, ,Uruguay,5
1950,1950-07-16, 15:00 ,Group 6,Pacaembu,Sao Paulo ,Brazil,Sweden,3,1,Spain, ,Sweden,4
1950,1950-07-16, 15:00 ,Group 6,Maracanï¿½ - Estï¿½dio Jornalista Mï¿½rio Filho,Rio De Janeiro ,Brazil,Uruguay,2,1,Brazil, ,Uruguay,3
1954,1954-06-16, 18:00 ,Group 3,Wankdorf Stadium,Berne ,Switzerland,Uruguay,2,0,Czechoslovakia, ,Uruguay,2
1954,1954-06-16, 18:00 ,Group 3,Hardturm,Zurich ,Switzerland,Austria,1,0,Scotland, ,Austria,1
1954,1954-06-16, 18:00 ,Group 1,Charmilles,Geneva ,Switzerland,Brazil,5,0,Mexico, ,Brazil,5
1954,1954-06-16, 18:00 ,Group 1,La Pontaise,Lausanne ,Switzerland,Yugoslavia,1,0,France, ,Yugoslavia,1
1954,1954-06-17, 18:00 ,Group 2,Wankdorf Stadium,Berne ,Switzerland,Germany,4,1,Turkey, ,Germany,5
1954,1954-06-17, 18:00 ,Group 2,Hardturm,Zurich ,Switzerland,Hungary,9,0,Korea Republic, ,Hungary,9
1954,1954-06-17, 18:10 ,Group 4,St. Jakob,Basel ,Switzerland,England,4,4,Belgium, ,Draw,8
1954,1954-06-17, 17:50 ,Group 4,La Pontaise,Lausanne ,Switzerland,Switzerland,2,1,Italy, ,Switzerland,3
1954,1954-06-19, 16:50 ,Group 3,St. Jakob,Basel ,Switzerland,Uruguay,7,0,Scotland, ,Uruguay,7
1954,1954-06-19, 17:00 ,Group 3,Hardturm,Zurich ,Switzerland,Austria,5,0,Czechoslovakia, ,Austria,5
1954,1954-06-19, 17:10 ,Group 1,Charmilles,Geneva ,Switzerland,France,3,2,Mexico, ,France,5
1954,1954-06-19, 17:00 ,Group 1,La Pontaise,Lausanne ,Switzerland,Brazil,1,1,Yugoslavia, ,Draw,2
1954,1954-06-20, 16:50 ,Group 2,St. Jakob,Basel ,Switzerland,Hungary,8,3,Germany, ,Hungary,11
1954,1954-06-20, 17:00 ,Group 2,Charmilles,Geneva ,Switzerland,Turkey,7,0,Korea Republic, ,Turkey,7
1954,1954-06-20, 17:10 ,Group 4,Wankdorf Stadium,Berne ,Switzerland,England,2,0,Switzerland, ,England,2
1954,1954-06-20, 17:00 ,Group 4,Comunale di Cornaredo,Lugano ,Switzerland,Italy,4,1,Belgium, ,Italy,5
1954,1954-06-23, 18:00 ,Group 2,Hardturm,Zurich ,Switzerland,Germany,7,2,Turkey, ,Germany,9
1954,1954-06-23, 18:00 ,Group 4,St. Jakob,Basel ,Switzerland,Switzerland,4,1,Italy, ,Switzerland,5
1954,1954-06-26, 17:00 ,Quarter-finals,St. Jakob,Basel ,Switzerland,Uruguay,4,2,England, ,Uruguay,6
1954,1954-06-26, 17:00 ,Quarter-finals,La Pontaise,Lausanne ,Switzerland,Austria,7,5,Switzerland, ,Austria,12
1954,1954-06-27, 17:00 ,Quarter-finals,Charmilles,Geneva ,Switzerland,Germany,2,0,Yugoslavia, ,Germany,2
1954,1954-06-27, 17:00 ,Quarter-finals,Wankdorf Stadium,Berne ,Switzerland,Hungary,4,2,Brazil, ,Hungary,6
1954,1954-06-30, 18:00 ,Semi-finals,St. Jakob,Basel ,Switzerland,Germany,6,1,Austria, ,Germany,7
1954,1954-06-30, 18:00 ,Semi-finals,La Pontaise,Lausanne ,Switzerland,Hungary,4,2,Uruguay,Hungary win after extra time ,Hungary,6
1954,1954-07-03, 17:00 ,Match for third place,Hardturm,Zurich ,Switzerland,Austria,3,1,Uruguay, ,Austria,4
1954,1954-07-04, 17:00 ,Final,Wankdorf Stadium,Berne ,Switzerland,Germany,3,2,Hungary, ,Germany,5
1958,1958-06-08, 14:00 ,Group 3,Rasunda Stadium,Solna ,Sweden,Sweden,3,0,Mexico, ,Sweden,3
1958,1958-06-08, 19:00 ,Group 4,Nya Ullevi,Gothenburg ,Sweden,Russia,2,2,England, ,Draw,4
1958,1958-06-08, 19:00 ,Group 1,Malmo Stadion,Malmï¿½ ,Sweden,Argentina,1,3,Germany, ,Germany,4
1958,1958-06-08, 19:00 ,Group 3,Jarnvallen,Sandviken ,Sweden,Hungary,1,1,Wales, ,Draw,2
1958,1958-06-08, 19:00 ,Group 2,Idrottsparken,Norrkï¿½Ping ,Sweden,France,7,3,Paraguay, ,France,10
1958,1958-06-08, 19:00 ,Group 2,Arosvallen,Vasteras ,Sweden,Yugoslavia,1,1,Scotland, ,Draw,2
1958,1958-06-08, 19:00 ,Group 4,Rimnersvallen,Udevalla ,Sweden,Brazil,3,0,Austria, ,Brazil,3
1958,1958-06-08, 19:00 ,Group 1,Orjans Vall,Halmstad ,Sweden,Northern Ireland,1,0,Czechoslovakia, ,Northern Ireland,1
1958,1958-06-11, 19:00 ,Group 4,Nya Ullevi,Gothenburg ,Sweden,Brazil,0,0,England, ,Draw,0
1958,1958-06-11, 19:00 ,Group 3,Rasunda Stadium,Solna ,Sweden,Mexico,1,1,Wales, ,Draw,2
1958,1958-06-11, 19:00 ,Group 2,Idrottsparken,Norrkï¿½Ping ,Sweden,Paraguay,3,2,Scotland, ,Paraguay,5
1958,1958-06-11, 19:00 ,Group 2,Arosvallen,Vasteras ,Sweden,Yugoslavia,3,2,France, ,Yugoslavia,5
1958,1958-06-11, 19:00 ,Group 4,Ryavallen,Boras ,Sweden,Russia,2,0,Austria, ,Russia,2
1958,1958-06-11, 19:00 ,Group 1,Olympia Stadium,Helsingborg ,Sweden,Germany,2,2,Czechoslovakia, ,Draw,4
1958,1958-06-11, 19:00 ,Group 1,Orjans Vall,Halmstad ,Sweden,Argentina,3,1,Northern Ireland, ,Argentina,4
1958,1958-06-12, 19:00 ,Group 3,Rasunda Stadium,Solna ,Sweden,Sweden,2,1,Hungary, ,Sweden,3
1958,1958-06-15, 14:00 ,Group 3,Rasunda Stadium,Solna ,Sweden,Sweden,0,0,Wales, ,Draw,0
1958,1958-06-15, 19:00 ,Group 4,Nya Ullevi,Gothenburg ,Sweden,Brazil,2,0,Russia, ,Brazil,2
1958,1958-06-15, 19:00 ,Group 1,Malmo Stadion,Malmï¿½ ,Sweden,Germany,2,2,Northern Ireland, ,Draw,4
1958,1958-06-15, 19:00 ,Group 3,Jarnvallen,Sandviken ,Sweden,Hungary,4,0,Mexico, ,Hungary,4
1958,1958-06-15, 19:00 ,Group 2,Tunavallen,Eskilstuna ,Sweden,Paraguay,3,3,Yugoslavia, ,Draw,6
1958,1958-06-15, 19:00 ,Group 2,Eyravallen,Orebro ,Sweden,France,2,1,Scotland, ,France,3
1958,1958-06-15, 19:00 ,Group 4,Ryavallen,Boras ,Sweden,England,2,2,Austria, ,Draw,4
1958,1958-06-15, 19:00 ,Group 1,Olympia Stadium,Helsingborg ,Sweden,Czechoslovakia,6,1,Argentina, ,Czechoslovakia,7
1958,1958-06-17, 19:00 ,Group 4,Nya Ullevi,Gothenburg ,Sweden,Russia,1,0,England, ,Russia,1
1958,1958-06-17, 19:00 ,Group 1,Malmo Stadion,Malmï¿½ ,Sweden,Northern Ireland,2,1,Czechoslovakia,Northern Ireland win after extra time ,Northern Ireland,3
1958,1958-06-17, 19:00 ,Group 3,Rasunda Stadium,Solna ,Sweden,Wales,2,1,Hungary, ,Wales,3
1958,1958-06-19, 19:00 ,Quarter-finals,Nya Ullevi,Gothenburg ,Sweden,Brazil,1,0,Wales, ,Brazil,1
1958,1958-06-19, 19:00 ,Quarter-finals,Malmo Stadion,Malmï¿½ ,Sweden,Germany,1,0,Yugoslavia, ,Germany,1
1958,1958-06-19, 19:00 ,Quarter-finals,Rasunda Stadium,Solna ,Sweden,Sweden,2,0,Russia, ,Sweden,2
1958,1958-06-19, 19:00 ,Quarter-finals,Idrottsparken,Norrkï¿½Ping ,Sweden,France,4,0,Northern Ireland, ,France,4
1958,1958-06-24, 19:00 ,Semi-finals,Nya Ullevi,Gothenburg ,Sweden,Sweden,3,1,Germany, ,Sweden,4
1958,1958-06-24, 19:00 ,Semi-finals,Rasunda Stadium,Solna ,Sweden,Brazil,5,2,France, ,Brazil,7
1958,1958-06-28, 17:00 ,Match for third place,Nya Ullevi,Gothenburg ,Sweden,France,6,3,Germany, ,France,9
1958,1958-06-29, 15:00 ,Final,Rasunda Stadium,Solna ,Sweden,Brazil,5,2,Sweden, ,Brazil,7
1962,1962-05-30, 15:00 ,Group 1,Carlos Dittborn,Arica ,Chile,Uruguay,2,1,Colombia, ,Uruguay,3
1962,1962-05-30, 15:00 ,Group 3,Estadio Sausalito,Vina Del Mar ,Chile,Brazil,2,0,Mexico, ,Brazil,2
1962,1962-05-30, 15:00 ,Group 4,Estadio El Teniente-Codelco,Rancagua ,Chile,Argentina,1,0,Bulgaria, ,Argentina,1
1962,1962-05-30, 15:00 ,Group 2,Nacional,Santiago De Chile ,Chile,Chile,3,1,Switzerland, ,Chile,4
1962,1962-05-31, 15:00 ,Group 1,Carlos Dittborn,Arica ,Chile,Russia,2,0,Yugoslavia, ,Russia,2
1962,1962-05-31, 15:00 ,Group 3,Estadio Sausalito,Vina Del Mar ,Chile,Czechoslovakia,1,0,Spain, ,Czechoslovakia,1
1962,1962-05-31, 15:00 ,Group 4,Estadio El Teniente-Codelco,Rancagua ,Chile,Hungary,2,1,England, ,Hungary,3
1962,1962-05-31, 15:00 ,Group 2,Nacional,Santiago De Chile ,Chile,Germany,0,0,Italy, ,Draw,0
1962,1962-06-02, 15:00 ,Group 1,Carlos Dittborn,Arica ,Chile,Yugoslavia,3,1,Uruguay, ,Yugoslavia,4
1962,1962-06-02, 15:00 ,Group 3,Estadio Sausalito,Vina Del Mar ,Chile,Brazil,0,0,Czechoslovakia, ,Draw,0
1962,1962-06-02, 15:00 ,Group 4,Estadio El Teniente-Codelco,Rancagua ,Chile,England,3,1,Argentina, ,England,4
1962,1962-06-02, 15:00 ,Group 2,Nacional,Santiago De Chile ,Chile,Chile,2,0,Italy, ,Chile,2
1962,1962-06-03, 15:00 ,Group 1,Carlos Dittborn,Arica ,Chile,Russia,4,4,Colombia, ,Draw,8
1962,1962-06-03, 15:00 ,Group 3,Estadio Sausalito,Vina Del Mar ,Chile,Spain,1,0,Mexico, ,Spain,1
1962,1962-06-03, 15:00 ,Group 4,Estadio El Teniente-Codelco,Rancagua ,Chile,Hungary,6,1,Bulgaria, ,Hungary,7
1962,1962-06-03, 15:00 ,Group 2,Nacional,Santiago De Chile ,Chile,Germany,2,1,Switzerland, ,Germany,3
1962,1962-06-06, 15:00 ,Group 1,Carlos Dittborn,Arica ,Chile,Russia,2,1,Uruguay, ,Russia,3
1962,1962-06-06, 15:00 ,Group 3,Estadio Sausalito,Vina Del Mar ,Chile,Brazil,2,1,Spain, ,Brazil,3
1962,1962-06-06, 15:00 ,Group 4,Estadio El Teniente-Codelco,Rancagua ,Chile,Hungary,0,0,Argentina, ,Draw,0
1962,1962-06-06, 15:00 ,Group 2,Nacional,Santiago De Chile ,Chile,Germany,2,0,Chile, ,Germany,2
1962,1962-06-07, 15:00 ,Group 1,Carlos Dittborn,Arica ,Chile,Yugoslavia,5,0,Colombia, ,Yugoslavia,5
1962,1962-06-07, 15:00 ,Group 3,Estadio Sausalito,Vina Del Mar ,Chile,Mexico,3,1,Czechoslovakia, ,Mexico,4
1962,1962-06-07, 15:00 ,Group 4,Estadio El Teniente-Codelco,Rancagua ,Chile,England,0,0,Bulgaria, ,Draw,0
1962,1962-06-07, 15:00 ,Group 2,Nacional,Santiago De Chile ,Chile,Italy,3,0,Switzerland, ,Italy,3
1962,1962-06-10, 14:30 ,Quarter-finals,Carlos Dittborn,Arica ,Chile,Chile,2,1,Russia, ,Chile,3
1962,1962-06-10, 14:30 ,Quarter-finals,Estadio Sausalito,Vina Del Mar ,Chile,Brazil,3,1,England, ,Brazil,4
1962,1962-06-10, 14:30 ,Quarter-finals,Estadio El Teniente-Codelco,Rancagua ,Chile,Czechoslovakia,1,0,Hungary, ,Czechoslovakia,1
1962,1962-06-10, 14:30 ,Quarter-finals,Nacional,Santiago De Chile ,Chile,Yugoslavia,1,0,Germany, ,Yugoslavia,1
1962,1962-06-13, 14:30 ,Semi-finals,Estadio Sausalito,Vina Del Mar ,Chile,Czechoslovakia,3,1,Yugoslavia, ,Czechoslovakia,4
1962,1962-06-13, 14:30 ,Semi-finals,Nacional,Santiago De Chile ,Chile,Brazil,4,2,Chile, ,Brazil,6
1962,1962-06-16, 14:30 ,Match for third place,Nacional,Santiago De Chile ,Chile,Chile,1,0,Yugoslavia, ,Chile,1
1962,1962-06-17, 14:30 ,Final,Nacional,Santiago De Chile ,Chile,Brazil,3,1,Czechoslovakia, ,Brazil,4
1966,1966-07-11, 19:30 ,Group 1,Wembley Stadium,London ,England,England,0,0,Uruguay, ,Draw,0
1966,1966-07-12, 19:30 ,Group 2,Hillsborough,Sheffield ,England,Germany,5,0,Switzerland, ,Germany,5
1966,1966-07-12, 19:30 ,Group 3,Goodison Park,Liverpool ,England,Brazil,2,0,Bulgaria, ,Brazil,2
1966,1966-07-12, 19:30 ,Group 4,Ayresome Park,Middlesbrough ,England,Russia,3,0,Korea DPR, ,Russia,3
1966,1966-07-13, 19:30 ,Group 1,Wembley Stadium,London ,England,France,1,1,Mexico, ,Draw,2
1966,1966-07-13, 19:30 ,Group 3,Old Trafford Stadium,Manchester ,England,Portugal,3,1,Hungary, ,Portugal,4
1966,1966-07-13, 19:30 ,Group 2,Villa Park,Birmingham ,England,Argentina,2,1,Spain, ,Argentina,3
1966,1966-07-13, 19:30 ,Group 4,Roker Park Ground,Sunderland ,England,Italy,2,0,Chile, ,Italy,2
1966,1966-07-15, 19:30 ,Group 1,White City,London ,England,Uruguay,2,1,France, ,Uruguay,3
1966,1966-07-15, 19:30 ,Group 2,Hillsborough,Sheffield ,England,Spain,2,1,Switzerland, ,Spain,3
1966,1966-07-15, 19:30 ,Group 3,Goodison Park,Liverpool ,England,Hungary,3,1,Brazil, ,Hungary,4
1966,1966-07-15, 19:30 ,Group 4,Ayresome Park,Middlesbrough ,England,Korea DPR,1,1,Chile, ,Draw,2
1966,1966-07-16, 15:00 ,Group 3,Old Trafford Stadium,Manchester ,England,Portugal,3,0,Bulgaria, ,Portugal,3
1966,1966-07-16, 15:00 ,Group 2,Villa Park,Birmingham ,England,Germany,0,0,Argentina, ,Draw,0
1966,1966-07-16, 15:00 ,Group 4,Roker Park Ground,Sunderland ,England,Russia,1,0,Italy, ,Russia,1
1966,1966-07-16, 19:30 ,Group 1,Wembley Stadium,London ,England,England,2,0,Mexico, ,England,2
1966,1966-07-19, 16:30 ,Group 1,Wembley Stadium,London ,England,Uruguay,0,0,Mexico, ,Draw,0
1966,1966-07-19, 19:30 ,Group 2,Hillsborough,Sheffield ,England,Argentina,2,0,Switzerland, ,Argentina,2
1966,1966-07-19, 19:30 ,Group 3,Goodison Park,Liverpool ,England,Portugal,3,1,Brazil, ,Portugal,4
1966,1966-07-19, 19:30 ,Group 4,Ayresome Park,Middlesbrough ,England,Korea DPR,1,0,Italy, ,Korea DPR,1
1966,1966-07-20, 19:30 ,Group 1,Wembley Stadium,London ,England,England,2,0,France, ,England,2
1966,1966-07-20, 19:30 ,Group 3,Old Trafford Stadium,Manchester ,England,Hungary,3,1,Bulgaria, ,Hungary,4
1966,1966-07-20, 19:30 ,Group 2,Villa Park,Birmingham ,England,Germany,2,1,Spain, ,Germany,3
1966,1966-07-20, 19:30 ,Group 4,Roker Park Ground,Sunderland ,England,Russia,2,1,Chile, ,Russia,3
1966,1966-07-23, 15:00 ,Quarter-finals,Wembley Stadium,London ,England,England,1,0,Argentina, ,England,1
1966,1966-07-23, 15:00 ,Quarter-finals,Hillsborough,Sheffield ,England,Germany,4,0,Uruguay, ,Germany,4
1966,1966-07-23, 15:00 ,Quarter-finals,Roker Park Ground,Sunderland ,England,Russia,2,1,Hungary, ,Russia,3
1966,1966-07-23, 15:00 ,Quarter-finals,Goodison Park,Liverpool ,England,Portugal,5,3,Korea DPR, ,Portugal,8
1966,1966-07-25, 19:30 ,Semi-finals,Goodison Park,Liverpool ,England,Germany,2,1,Russia, ,Germany,3
1966,1966-07-26, 19:30 ,Semi-finals,Wembley Stadium,London ,England,England,2,1,Portugal, ,England,3
1966,1966-07-28, 19:30 ,Match for third place,Wembley Stadium,London ,England,Portugal,2,1,Russia, ,Portugal,3
1966,1966-07-30, 15:00 ,Final,Wembley Stadium,London ,England,England,4,2,Germany,England win after extra time ,England,6
1970,1970-05-31, 12:00 ,Group 1,Estadio Azteca,Mexico City ,Mexico,Mexico,0,0,Russia, ,Draw,0
1970,1970-06-02, 16:00 ,Group 2,Cuauhtemoc,Puebla ,Mexico,Uruguay,2,0,Israel, ,Uruguay,2
1970,1970-06-02, 16:00 ,Group 4,Nou Camp - Estadio Leï¿½n,Leon ,Mexico,Peru,3,2,Bulgaria, ,Peru,5
1970,1970-06-02, 16:00 ,Group 3,Jalisco,Guadalajara ,Mexico,England,1,0,Romania, ,England,1
1970,1970-06-03, 16:00 ,Group 2,Luis Dosal,Toluca ,Mexico,Italy,1,0,Sweden, ,Italy,1
1970,1970-06-03, 16:00 ,Group 4,Nou Camp - Estadio Leï¿½n,Leon ,Mexico,Germany,2,1,Morocco, ,Germany,3
1970,1970-06-03, 16:00 ,Group 3,Jalisco,Guadalajara ,Mexico,Brazil,4,1,Czechoslovakia, ,Brazil,5
1970,1970-06-03, 16:00 ,Group 1,Estadio Azteca,Mexico City ,Mexico,Belgium,3,0,El Salvador, ,Belgium,3
1970,1970-06-06, 16:00 ,Group 2,Cuauhtemoc,Puebla ,Mexico,Uruguay,0,0,Italy, ,Draw,0
1970,1970-06-06, 16:00 ,Group 4,Nou Camp - Estadio Leï¿½n,Leon ,Mexico,Peru,3,0,Morocco, ,Peru,3
1970,1970-06-06, 16:00 ,Group 3,Jalisco,Guadalajara ,Mexico,Romania,2,1,Czechoslovakia, ,Romania,3
1970,1970-06-06, 16:00 ,Group 1,Estadio Azteca,Mexico City ,Mexico,Russia,4,1,Belgium, ,Russia,5
1970,1970-06-07, 12:00 ,Group 2,Luis Dosal,Toluca ,Mexico,Sweden,1,1,Israel, ,Draw,2
1970,1970-06-07, 12:00 ,Group 4,Nou Camp - Estadio Leï¿½n,Leon ,Mexico,Germany,5,2,Bulgaria, ,Germany,7
1970,1970-06-07, 12:00 ,Group 3,Jalisco,Guadalajara ,Mexico,Brazil,1,0,England, ,Brazil,1
1970,1970-06-07, 12:00 ,Group 1,Estadio Azteca,Mexico City ,Mexico,Mexico,4,0,El Salvador, ,Mexico,4
1970,1970-06-10, 16:00 ,Group 2,Cuauhtemoc,Puebla ,Mexico,Sweden,1,0,Uruguay, ,Sweden,1
1970,1970-06-10, 16:00 ,Group 4,Nou Camp - Estadio Leï¿½n,Leon ,Mexico,Germany,3,1,Peru, ,Germany,4
1970,1970-06-10, 16:00 ,Group 3,Jalisco,Guadalajara ,Mexico,Brazil,3,2,Romania, ,Brazil,5
1970,1970-06-10, 16:00 ,Group 1,Estadio Azteca,Mexico City ,Mexico,Russia,2,0,El Salvador, ,Russia,2
1970,1970-06-11, 16:00 ,Group 2,Luis Dosal,Toluca ,Mexico,Italy,0,0,Israel, ,Draw,0
1970,1970-06-11, 16:00 ,Group 4,Nou Camp - Estadio Leï¿½n,Leon ,Mexico,Bulgaria,1,1,Morocco, ,Draw,2
1970,1970-06-11, 16:00 ,Group 3,Jalisco,Guadalajara ,Mexico,England,1,0,Czechoslovakia, ,England,1
1970,1970-06-11, 16:00 ,Group 1,Estadio Azteca,Mexico City ,Mexico,Mexico,1,0,Belgium, ,Mexico,1
1970,1970-06-14, 12:00 ,Quarter-finals,Luis Dosal,Toluca ,Mexico,Italy,4,1,Mexico, ,Italy,5
1970,1970-06-14, 12:00 ,Quarter-finals,Nou Camp - Estadio Leï¿½n,Leon ,Mexico,Germany,3,2,England,Germany FR win after extra time ,Germany,5
1970,1970-06-14, 12:00 ,Quarter-finals,Jalisco,Guadalajara ,Mexico,Brazil,4,2,Peru, ,Brazil,6
1970,1970-06-14, 12:00 ,Quarter-finals,Estadio Azteca,Mexico City ,Mexico,Uruguay,1,0,Russia,Uruguay win after extra time ,Uruguay,1
1970,1970-06-17, 16:00 ,Semi-finals,Jalisco,Guadalajara ,Mexico,Brazil,3,1,Uruguay, ,Brazil,4
1970,1970-06-17, 16:00 ,Semi-finals,Estadio Azteca,Mexico City ,Mexico,Italy,4,3,Germany,Italy win after extra time ,Italy,7
1970,1970-06-20, 16:00 ,Match for third place,Estadio Azteca,Mexico City ,Mexico,Germany,1,0,Uruguay, ,Germany,1
1970,1970-06-21, 12:00 ,Final,Estadio Azteca,Mexico City ,Mexico,Brazil,4,1,Italy, ,Brazil,5
1974,1974-06-13, 17:00 ,Group 2,Waldstadion,Frankfurt/Main ,Germany,Brazil,0,0,Yugoslavia, ,Draw,0
1974,1974-06-14, 16:00 ,Group 1,Olympiastadion,Berlin West ,Germany,Germany,1,0,Chile, ,Germany,1
1974,1974-06-14, 19:30 ,Group 1,Volksparkstadion,Hamburg ,Germany,German DR,2,0,Australia, ,German DR,2
1974,1974-06-14, 19:30 ,Group 2,Westfalenstadion,Dortmund ,Germany,Zaire,0,2,Scotland, ,Scotland,2
1974,1974-06-15, 16:00 ,Group 3,Niedersachsenstadion,Hanover ,Germany,Uruguay,0,2,Netherlands, ,Netherlands,2
1974,1974-06-15, 16:00 ,Group 3,Rheinstadion,Dï¿½Sseldorf ,Germany,Sweden,0,0,Bulgaria, ,Draw,0
1974,1974-06-15, 18:00 ,Group 4,Olympiastadion,Munich ,Germany,Italy,3,1,Haiti, ,Italy,4
1974,1974-06-15, 18:00 ,Group 4,Neckarstadion,Stuttgart ,Germany,Poland,3,2,Argentina, ,Poland,5
1974,1974-06-18, 16:00 ,Group 1,Volksparkstadion,Hamburg ,Germany,Australia,0,3,Germany, ,Germany,3
1974,1974-06-18, 19:30 ,Group 2,Waldstadion,Frankfurt/Main ,Germany,Scotland,0,0,Brazil, ,Draw,0
1974,1974-06-18, 19:30 ,Group 1,Olympiastadion,Berlin West ,Germany,Chile,1,1,German DR, ,Draw,2
1974,1974-06-18, 19:30 ,Group 2,Parkstadion,Gelsenkirchen ,Germany,Yugoslavia,9,0,Zaire, ,Yugoslavia,9
1974,1974-06-19, 19:30 ,Group 3,Westfalenstadion,Dortmund ,Germany,Netherlands,0,0,Sweden, ,Draw,0
1974,1974-06-19, 19:30 ,Group 3,Niedersachsenstadion,Hanover ,Germany,Bulgaria,1,1,Uruguay, ,Draw,2
1974,1974-06-19, 19:30 ,Group 4,Olympiastadion,Munich ,Germany,Haiti,0,7,Poland, ,Poland,7
1974,1974-06-19, 19:30 ,Group 4,Neckarstadion,Stuttgart ,Germany,Argentina,1,1,Italy, ,Draw,2
1974,1974-06-22, 16:00 ,Group 2,Waldstadion,Frankfurt/Main ,Germany,Scotland,1,1,Yugoslavia, ,Draw,2
1974,1974-06-22, 16:00 ,Group 1,Olympiastadion,Berlin West ,Germany,Australia,0,0,Chile, ,Draw,0
1974,1974-06-22, 16:00 ,Group 2,Parkstadion,Gelsenkirchen ,Germany,Zaire,0,3,Brazil, ,Brazil,3
1974,1974-06-22, 19:30 ,Group 1,Volksparkstadion,Hamburg ,Germany,German DR,1,0,Germany, ,German DR,1
1974,1974-06-23, 16:00 ,Group 3,Westfalenstadion,Dortmund ,Germany,Bulgaria,1,4,Netherlands, ,Netherlands,5
1974,1974-06-23, 16:00 ,Group 4,Olympiastadion,Munich ,Germany,Argentina,4,1,Haiti, ,Argentina,5
1974,1974-06-23, 16:00 ,Group 3,Rheinstadion,Dï¿½Sseldorf ,Germany,Sweden,3,0,Uruguay, ,Sweden,3
1974,1974-06-23, 16:00 ,Group 4,Neckarstadion,Stuttgart ,Germany,Poland,2,1,Italy, ,Poland,3
1974,1974-06-26, 16:00 ,Group B,Rheinstadion,Dï¿½Sseldorf ,Germany,Yugoslavia,0,2,Germany, ,Germany,2
1974,1974-06-26, 19:30 ,Group A,Niedersachsenstadion,Hanover ,Germany,Brazil,1,0,German DR, ,Brazil,1
1974,1974-06-26, 19:30 ,Group A,Parkstadion,Gelsenkirchen ,Germany,Netherlands,4,0,Argentina, ,Netherlands,4
1974,1974-06-26, 19:30 ,Group B,Neckarstadion,Stuttgart ,Germany,Sweden,0,1,Poland, ,Poland,1
1974,1974-06-30, 16:00 ,Group A,Niedersachsenstadion,Hanover ,Germany,Argentina,1,2,Brazil, ,Brazil,3
1974,1974-06-30, 16:00 ,Group B,Waldstadion,Frankfurt/Main ,Germany,Poland,2,1,Yugoslavia, ,Poland,3
1974,1974-06-30, 16:00 ,Group A,Parkstadion,Gelsenkirchen ,Germany,German DR,0,2,Netherlands, ,Netherlands,2
1974,1974-06-30, 19:30 ,Group B,Rheinstadion,Dï¿½Sseldorf ,Germany,Germany,4,2,Sweden, ,Germany,6
1974,1974-07-03, 17:00 ,Group B,Waldstadion,Frankfurt/Main ,Germany,Poland,0,1,Germany, ,Germany,1
1974,1974-07-03, 19:30 ,Group A,Westfalenstadion,Dortmund ,Germany,Netherlands,2,0,Brazil, ,Netherlands,2
1974,1974-07-03, 19:30 ,Group A,Parkstadion,Gelsenkirchen ,Germany,Argentina,1,1,German DR, ,Draw,2
1974,1974-07-03, 19:30 ,Group B,Rheinstadion,Dï¿½Sseldorf ,Germany,Sweden,2,1,Yugoslavia, ,Sweden,3
1974,1974-07-06, 16:00 ,Match for third place,Olympiastadion,Munich ,Germany,Brazil,0,1,Poland, ,Poland,1
1974,1974-07-07, 16:00 ,Final,Olympiastadion,Munich ,Germany,Netherlands,1,2,Germany, ,Germany,3
1978,1978-06-01, 15:00 ,Group 2,El Monumental - Estadio Monumental Antonio Vespuci,Buenos Aires ,Argentina,Germany,0,0,Poland, ,Draw,0
1978,1978-06-02, 13:45 ,Group 1,Estadio Josï¿½ Marï¿½a Minella,Mar Del Plata ,Argentina,Italy,2,1,France, ,Italy,3
1978,1978-06-02, 16:45 ,Group 2,Arroyito - Estadio Dr. Lisandro de la Torre,Rosario ,Argentina,Tunisia,3,1,Mexico, ,Tunisia,4
1978,1978-06-02, 19:15 ,Group 1,El Monumental - Estadio Monumental Antonio Vespuci,Buenos Aires ,Argentina,Argentina,2,1,Hungary, ,Argentina,3
1978,1978-06-03, 13:45 ,Group 3,Estadio Josï¿½ Marï¿½a Minella,Mar Del Plata ,Argentina,Sweden,1,1,Brazil, ,Draw,2
1978,1978-06-03, 13:45 ,Group 3,Jose Amalfitani,Buenos Aires ,Argentina,Austria,2,1,Spain, ,Austria,3
1978,1978-06-03, 16:45 ,Group 4,Estadio Olï¿½mpico Chateau Carreras,Cordoba ,Argentina,Peru,3,1,Scotland, ,Peru,4
1978,1978-06-03, 16:45 ,Group 4,San Martin,Mendoza ,Argentina,Netherlands,3,0,IR Iran, ,Netherlands,3
1978,1978-06-06, 13:45 ,Group 1,Estadio Josï¿½ Marï¿½a Minella,Mar Del Plata ,Argentina,Italy,3,1,Hungary, ,Italy,4
1978,1978-06-06, 16:45 ,Group 2,Arroyito - Estadio Dr. Lisandro de la Torre,Rosario ,Argentina,Poland,1,0,Tunisia, ,Poland,1
1978,1978-06-06, 16:45 ,Group 2,Estadio Olï¿½mpico Chateau Carreras,Cordoba ,Argentina,Germany,6,0,Mexico, ,Germany,6
1978,1978-06-06, 19:15 ,Group 1,El Monumental - Estadio Monumental Antonio Vespuci,Buenos Aires ,Argentina,Argentina,2,1,France, ,Argentina,3
1978,1978-06-07, 13:45 ,Group 3,Estadio Josï¿½ Marï¿½a Minella,Mar Del Plata ,Argentina,Brazil,0,0,Spain, ,Draw,0
1978,1978-06-07, 13:45 ,Group 3,Jose Amalfitani,Buenos Aires ,Argentina,Austria,1,0,Sweden, ,Austria,1
1978,1978-06-07, 16:45 ,Group 4,Estadio Olï¿½mpico Chateau Carreras,Cordoba ,Argentina,Scotland,1,1,IR Iran, ,Draw,2
1978,1978-06-07, 16:45 ,Group 4,San Martin,Mendoza ,Argentina,Netherlands,0,0,Peru, ,Draw,0
1978,1978-06-10, 15:10 ,Group 1,Estadio Josï¿½ Marï¿½a Minella,Mar Del Plata ,Argentina,France,3,1,Hungary, ,France,4
1978,1978-06-10, 16:45 ,Group 2,Arroyito - Estadio Dr. Lisandro de la Torre,Rosario ,Argentina,Poland,3,1,Mexico, ,Poland,4
1978,1978-06-10, 16:45 ,Group 2,Estadio Olï¿½mpico Chateau Carreras,Cordoba ,Argentina,Germany,0,0,Tunisia, ,Draw,0
1978,1978-06-10, 19:15 ,Group 1,El Monumental - Estadio Monumental Antonio Vespuci,Buenos Aires ,Argentina,Italy,1,0,Argentina, ,Italy,1
1978,1978-06-11, 13:45 ,Group 3,Estadio Josï¿½ Marï¿½a Minella,Mar Del Plata ,Argentina,Brazil,1,0,Austria, ,Brazil,1
1978,1978-06-11, 13:45 ,Group 3,Jose Amalfitani,Buenos Aires ,Argentina,Spain,1,0,Sweden, ,Spain,1
1978,1978-06-11, 16:45 ,Group 4,Estadio Olï¿½mpico Chateau Carreras,Cordoba ,Argentina,Peru,4,1,Iran, ,Peru,5
1978,1978-06-11, 16:45 ,Group 4,San Martin,Mendoza ,Argentina,Scotland,3,2,Netherlands, ,Scotland,5
1978,1978-06-14, 13:45 ,Group A,El Monumental - Estadio Monumental Antonio Vespuci,Buenos Aires ,Argentina,Germany,0,0,Italy, ,Draw,0
1978,1978-06-14, 13:45 ,Group A,Estadio Olï¿½mpico Chateau Carreras,Cordoba ,Argentina,Netherlands,5,1,Austria, ,Netherlands,6
1978,1978-06-14, 16:45 ,Group B,San Martin,Mendoza ,Argentina,Brazil,3,0,Peru, ,Brazil,3
1978,1978-06-14, 19:15 ,Group B,Arroyito - Estadio Dr. Lisandro de la Torre,Rosario ,Argentina,Argentina,2,0,Poland, ,Argentina,2
1978,1978-06-18, 13:45 ,Group B,San Martin,Mendoza ,Argentina,Poland,1,0,Peru, ,Poland,1
1978,1978-06-18, 16:45 ,Group A,El Monumental - Estadio Monumental Antonio Vespuci,Buenos Aires ,Argentina,Italy,1,0,Austria, ,Italy,1
1978,1978-06-18, 16:45 ,Group A,Estadio Olï¿½mpico Chateau Carreras,Cordoba ,Argentina,Germany,2,2,Netherlands, ,Draw,4
1978,1978-06-18, 19:15 ,Group B,Arroyito - Estadio Dr. Lisandro de la Torre,Rosario ,Argentina,Argentina,0,0,Brazil, ,Draw,0
1978,1978-06-21, 13:45 ,Group A,El Monumental - Estadio Monumental Antonio Vespuci,Buenos Aires ,Argentina,Netherlands,2,1,Italy, ,Netherlands,3
1978,1978-06-21, 13:45 ,Group A,Estadio Olï¿½mpico Chateau Carreras,Cordoba ,Argentina,Austria,3,2,Germany, ,Austria,5
1978,1978-06-21, 16:45 ,Group B,San Martin,Mendoza ,Argentina,Brazil,3,1,Poland, ,Brazil,4
1978,1978-06-21, 19:15 ,Group B,Arroyito - Estadio Dr. Lisandro de la Torre,Rosario ,Argentina,Argentina,6,0,Peru, ,Argentina,6
1978,1978-06-24, 15:00 ,Match for third place,El Monumental - Estadio Monumental Antonio Vespuci,Buenos Aires ,Argentina,Brazil,2,1,Italy, ,Brazil,3
1978,1978-06-25, 15:00 ,Final,El Monumental - Estadio Monumental Antonio Vespuci,Buenos Aires ,Argentina,Argentina,3,1,Netherlands,Argentina win after extra time ,Argentina,4
1982,1982-06-13, 20:00 ,Group 3,Camp Nou,Barcelona ,Spain,Argentina,0,1,Belgium, ,Belgium,1
1982,1982-06-14, 17:15 ,Group 1,Estadio Municipal de Balaï¿½dos,Vigo ,Spain,Italy,0,0,Poland, ,Draw,0
1982,1982-06-14, 21:00 ,Group 6,Ramon Sanchez Pizjuan,Seville ,Spain,Brazil,2,1,Russia, ,Brazil,3
1982,1982-06-15, 17:15 ,Group 1,Riazor,La Coruï¿½A ,Spain,Peru,0,0,Cameroon, ,Draw,0
1982,1982-06-15, 21:00 ,Group 3,Nuevo Estadio,Elche ,Spain,Hungary,10,1,El Salvador, ,Hungary,11
1982,1982-06-15, 21:00 ,Group 6,La Rosaleda,Malaga ,Spain,Scotland,5,2,New Zealand, ,Scotland,7
1982,1982-06-16, 17:15 ,Group 2,El Molinon,Gijon ,Spain,Germany,1,2,Algeria, ,Algeria,3
1982,1982-06-16, 17:15 ,Group 4,San Mames,Bilbao ,Spain,England,3,1,France, ,England,4
1982,1982-06-16, 21:00 ,Group 5,Luis Casanova,Valencia ,Spain,Spain,1,1,Honduras, ,Draw,2
1982,1982-06-17, 17:15 ,Group 2,Carlos Tartiere,Oviedo ,Spain,Chile,0,1,Austria, ,Austria,1
1982,1982-06-17, 17:45 ,Group 4,Jose Zorrilla,Valladolid ,Spain,Czechoslovakia,1,1,Kuwait, ,Draw,2
1982,1982-06-17, 21:00 ,Group 5,La Romareda,Zaragoza ,Spain,Yugoslavia,0,0,Northern Ireland, ,Draw,0
1982,1982-06-18, 17:15 ,Group 1,Estadio Municipal de Balaï¿½dos,Vigo ,Spain,Italy,1,1,Peru, ,Draw,2
1982,1982-06-18, 21:00 ,Group 3,Jose Rico Perez,Alicante ,Spain,Argentina,4,1,Hungary, ,Argentina,5
1982,1982-06-18, 21:00 ,Group 6,Benito Villamarin,Seville ,Spain,Brazil,4,1,Scotland, ,Brazil,5
1982,1982-06-19, 19:15 ,Group 1,Riazor,La Coruï¿½A ,Spain,Poland,0,0,Cameroon, ,Draw,0
1982,1982-06-19, 21:00 ,Group 3,Nuevo Estadio,Elche ,Spain,Belgium,1,0,El Salvador, ,Belgium,1
1982,1982-06-19, 21:00 ,Group 6,La Rosaleda,Malaga ,Spain,Russia,3,0,New Zealand, ,Russia,3
1982,1982-06-20, 17:15 ,Group 2,El Molinon,Gijon ,Spain,Germany,4,1,Chile, ,Germany,5
1982,1982-06-20, 17:15 ,Group 4,San Mames,Bilbao ,Spain,England,2,0,Czechoslovakia, ,England,2
1982,1982-06-20, 21:00 ,Group 5,Luis Casanova,Valencia ,Spain,Spain,2,1,Yugoslavia, ,Spain,3
1982,1982-06-21, 17:15 ,Group 2,Carlos Tartiere,Oviedo ,Spain,Algeria,0,2,Austria, ,Austria,2
1982,1982-06-21, 17:15 ,Group 4,Jose Zorrilla,Valladolid ,Spain,France,4,1,Kuwait, ,France,5
1982,1982-06-21, 21:00 ,Group 5,La Romareda,Zaragoza ,Spain,Honduras,1,1,Northern Ireland, ,Draw,2
1982,1982-06-22, 17:15 ,Group 1,Riazor,La Coruï¿½A ,Spain,Poland,5,1,Peru, ,Poland,6
1982,1982-06-22, 21:00 ,Group 3,Nuevo Estadio,Elche ,Spain,Belgium,1,1,Hungary, ,Draw,2
1982,1982-06-22, 21:00 ,Group 6,La Rosaleda,Malaga ,Spain,Russia,2,2,Scotland, ,Draw,4
1982,1982-06-23, 17:15 ,Group 1,Estadio Municipal de Balaï¿½dos,Vigo ,Spain,Italy,1,1,Cameroon, ,Draw,2
1982,1982-06-23, 21:00 ,Group 3,Jose Rico Perez,Alicante ,Spain,Argentina,2,0,El Salvador, ,Argentina,2
1982,1982-06-23, 21:00 ,Group 6,Benito Villamarin,Seville ,Spain,Brazil,4,0,New Zealand, ,Brazil,4
1982,1982-06-24, 17:15 ,Group 2,Carlos Tartiere,Oviedo ,Spain,Algeria,3,2,Chile, ,Algeria,5
1982,1982-06-24, 17:15 ,Group 4,Jose Zorrilla,Valladolid ,Spain,France,1,1,Czechoslovakia, ,Draw,2
1982,1982-06-24, 21:00 ,Group 5,La Romareda,Zaragoza ,Spain,Honduras,0,1,Yugoslavia, ,Yugoslavia,1
1982,1982-06-25, 17:15 ,Group 2,El Molinon,Gijon ,Spain,Germany,1,0,Austria, ,Germany,1
1982,1982-06-25, 17:15 ,Group 4,San Mames,Bilbao ,Spain,England,1,0,Kuwait, ,England,1
1982,1982-06-25, 21:00 ,Group 5,Luis Casanova,Valencia ,Spain,Northern Ireland,1,0,Spain, ,Northern Ireland,1
1982,1982-06-28, 17:15 ,Group 4,Vicente Calderon,Madrid ,Spain,Austria,0,1,France, ,France,1
1982,1982-06-28, 21:00 ,Group 1,Camp Nou,Barcelona ,Spain,Poland,3,0,Belgium, ,Poland,3
1982,1982-06-29, 17:15 ,Group 3,Sarria,Barcelona ,Spain,Italy,2,1,Argentina, ,Italy,3
1982,1982-06-29, 21:00 ,Group 2,Santiago Bernabeu,Madrid ,Spain,Germany,0,0,England, ,Draw,0
1982,1982-07-01, 17:15 ,Group 4,Vicente Calderon,Madrid ,Spain,Austria,2,2,Northern Ireland, ,Draw,4
1982,1982-07-01, 21:00 ,Group 1,Camp Nou,Barcelona ,Spain,Belgium,0,1,Russia, ,Russia,1
1982,1982-07-02, 17:15 ,Group 3,Sarria,Barcelona ,Spain,Argentina,1,3,Brazil, ,Brazil,4
1982,1982-07-02, 21:00 ,Group 2,Santiago Bernabeu,Madrid ,Spain,Germany,2,1,Spain, ,Germany,3
1982,1982-07-04, 17:15 ,Group 4,Vicente Calderon,Madrid ,Spain,France,4,1,Northern Ireland, ,France,5
1982,1982-07-04, 21:00 ,Group 1,Camp Nou,Barcelona ,Spain,Poland,0,0,Russia, ,Draw,0
1982,1982-07-05, 17:15 ,Group 3,Sarria,Barcelona ,Spain,Italy,3,2,Brazil, ,Italy,5
1982,1982-07-05, 21:00 ,Group 2,Santiago Bernabeu,Madrid ,Spain,Spain,0,0,England, ,Draw,0
1982,1982-07-08, 17:15 ,Semi-finals,Camp Nou,Barcelona ,Spain,Poland,0,2,Italy, ,Italy,2
1982,1982-07-08, 21:00 ,Semi-finals,Ramon Sanchez Pizjuan,Seville ,Spain,Germany,3,3,France, win on penalties (5 - 4) ,Draw,6
1982,1982-07-10, 20:00 ,Match for third place,Jose Rico Perez,Alicante ,Spain,Poland,3,2,France, ,Poland,5
1982,1982-07-11, 20:00 ,Final,Santiago Bernabeu,Madrid ,Spain,Italy,3,1,Germany, ,Italy,4
1986,1986-05-31, 12:00 ,Group A,Estadio Azteca,Mexico City ,Mexico,Bulgaria,1,1,Italy, ,Draw,2
1986,1986-06-01, 16:00 ,Group C,Nou Camp - Estadio Leï¿½n,Leon ,Mexico,Canada,0,1,France, ,France,1
1986,1986-06-01, 12:00 ,Group D,Jalisco,Guadalajara ,Mexico,Spain,0,1,Brazil, ,Brazil,1
1986,1986-06-02, 12:00 ,Group C,Estadio Irapuato,Irapuato ,Mexico,Russia,6,0,Hungary, ,Russia,6
1986,1986-06-02, 12:00 ,Group A,Estadio Olï¿½mpico Universitario,Mexico City ,Mexico,Argentina,3,1,Korea Republic, ,Argentina,4
1986,1986-06-02, 16:00 ,Group F,Estadio Universitario,Monterrey ,Mexico,Morocco,0,0,Poland, ,Draw,0
1986,1986-06-03, 12:00 ,Group D,Tres de Marzo,Guadalajara ,Mexico,Algeria,1,1,Northern Ireland, ,Draw,2
1986,1986-06-03, 12:00 ,Group B,Estadio Azteca,Mexico City ,Mexico,Belgium,1,2,Mexico, ,Mexico,3
1986,1986-06-03, 16:00 ,Group F,Tecnologico,Monterrey ,Mexico,Portugal,1,0,England, ,Portugal,1
1986,1986-06-04, 12:00 ,Group B,Bombonera - Estadio Nemesio Diez,Toluca ,Mexico,Paraguay,1,0,Iraq, ,Paraguay,1
1986,1986-06-04, 16:00 ,Group E,Neza,Nezahualcoyotl ,Mexico,Scotland,0,1,Denmark, ,Denmark,1
1986,1986-06-04, 12:00 ,Group E,Estadio Corregidora,Queretaro ,Mexico,Uruguay,1,1,Germany, ,Draw,2
1986,1986-06-05, 12:00 ,Group A,Cuauhtemoc,Puebla ,Mexico,Italy,1,1,Argentina, ,Draw,2
1986,1986-06-05, 12:00 ,Group C,Nou Camp - Estadio Leï¿½n,Leon ,Mexico,France,1,1,Russia, ,Draw,2
1986,1986-06-05, 16:00 ,Group A,Estadio Olï¿½mpico Universitario,Mexico City ,Mexico,Korea Republic,1,1,Bulgaria, ,Draw,2
1986,1986-06-06, 12:00 ,Group C,Estadio Irapuato,Irapuato ,Mexico,Hungary,2,0,Canada, ,Hungary,2
1986,1986-06-06, 12:00 ,Group D,Jalisco,Guadalajara ,Mexico,Brazil,1,0,Algeria, ,Brazil,1
1986,1986-06-06, 16:00 ,Group F,Tecnologico,Monterrey ,Mexico,England,0,0,Morocco, ,Draw,0
1986,1986-06-07, 12:00 ,Group D,Tres de Marzo,Guadalajara ,Mexico,Northern Ireland,1,2,Spain, ,Spain,3
1986,1986-06-07, 12:00 ,Group B,Estadio Azteca,Mexico City ,Mexico,Mexico,1,1,Paraguay, ,Draw,2
1986,1986-06-07, 16:00 ,Group F,Estadio Universitario,Monterrey ,Mexico,Poland,1,0,Portugal, ,Poland,1
1986,1986-06-08, 12:00 ,Group B,Bombonera - Estadio Nemesio Diez,Toluca ,Mexico,Iraq,1,2,Belgium, ,Belgium,3
1986,1986-06-08, 16:00 ,Group E,Neza,Nezahualcoyotl ,Mexico,Denmark,6,1,Uruguay, ,Denmark,7
1986,1986-06-08, 12:00 ,Group E,Estadio Corregidora,Queretaro ,Mexico,Germany,2,1,Scotland, ,Germany,3
1986,1986-06-09, 12:00 ,Group C,Nou Camp - Estadio Leï¿½n,Leon ,Mexico,Hungary,0,3,France, ,France,3
1986,1986-06-09, 12:00 ,Group C,Estadio Irapuato,Irapuato ,Mexico,Russia,2,0,Canada, ,Russia,2
1986,1986-06-10, 12:00 ,Group A,Cuauhtemoc,Puebla ,Mexico,Korea Republic,2,3,Italy, ,Italy,5
1986,1986-06-10, 12:00 ,Group A,Estadio Olï¿½mpico Universitario,Mexico City ,Mexico,Argentina,2,0,Bulgaria, ,Argentina,2
1986,1986-06-11, 12:00 ,Group B,Bombonera - Estadio Nemesio Diez,Toluca ,Mexico,Paraguay,2,2,Belgium, ,Draw,4
1986,1986-06-11, 12:00 ,Group B,Estadio Azteca,Mexico City ,Mexico,Iraq,0,1,Mexico, ,Mexico,1
1986,1986-06-11, 16:00 ,Group F,Tres de Marzo,Guadalajara ,Mexico,Portugal,1,3,Morocco, ,Morocco,4
1986,1986-06-11, 16:00 ,Group F,Tecnologico,Monterrey ,Mexico,England,3,0,Poland, ,England,3
1986,1986-06-12, 12:00 ,Group D,Jalisco,Guadalajara ,Mexico,Northern Ireland,0,3,Brazil, ,Brazil,3
1986,1986-06-12, 12:00 ,Group D,Tecnologico,Monterrey ,Mexico,Algeria,0,3,Spain, ,Spain,3
1986,1986-06-13, 12:00 ,Group E,Neza,Nezahualcoyotl ,Mexico,Scotland,0,0,Uruguay, ,Draw,0
1986,1986-06-13, 12:00 ,Group E,Estadio Corregidora,Queretaro ,Mexico,Denmark,2,0,Germany, ,Denmark,2
1986,1986-06-15, 16:00 ,Round of 16,Nou Camp - Estadio Leï¿½n,Leon ,Mexico,Russia,3,4,Belgium,Belgium win after extra time ,Belgium,7
1986,1986-06-15, 12:00 ,Round of 16,Estadio Azteca,Mexico City ,Mexico,Mexico,2,0,Bulgaria, ,Mexico,2
1986,1986-06-16, 16:00 ,Round of 16,Cuauhtemoc,Puebla ,Mexico,Argentina,1,0,Uruguay, ,Argentina,1
1986,1986-06-16, 12:00 ,Round of 16,Jalisco,Guadalajara ,Mexico,Brazil,4,0,Poland, ,Brazil,4
1986,1986-06-17, 12:00 ,Round of 16,Estadio Olï¿½mpico Universitario,Mexico City ,Mexico,Italy,0,2,France, ,France,2
1986,1986-06-17, 16:00 ,Round of 16,Estadio Universitario,Monterrey ,Mexico,Morocco,0,1,Germany, ,Germany,1
1986,1986-06-18, 12:00 ,Round of 16,Estadio Azteca,Mexico City ,Mexico,England,3,0,Paraguay, ,England,3
1986,1986-06-18, 16:00 ,Round of 16,Estadio Corregidora,Queretaro ,Mexico,Denmark,1,5,Spain, ,Spain,6
1986,1986-06-21, 12:00 ,Quarter-finals,Jalisco,Guadalajara ,Mexico,Brazil,1,1,France,France win on penalties (3 - 4) ,France,2
1986,1986-06-21, 16:00 ,Quarter-finals,Estadio Universitario,Monterrey ,Mexico,Germany,0,0,Mexico,Germany FR win on penalties (4 - 1) ,Germany,0
1986,1986-06-22, 16:00 ,Quarter-finals,Cuauhtemoc,Puebla ,Mexico,Spain,1,1,Belgium,Belgium win on penalties (4 - 5) ,Belgium,2
1986,1986-06-22, 12:00 ,Quarter-finals,Estadio Azteca,Mexico City ,Mexico,Argentina,2,1,England, ,Argentina,3
1986,1986-06-25, 12:00 ,Semi-finals,Jalisco,Guadalajara ,Mexico,France,0,2,Germany, ,Germany,2
1986,1986-06-25, 16:00 ,Semi-finals,Estadio Azteca,Mexico City ,Mexico,Argentina,2,0,Belgium, ,Argentina,2
1986,1986-06-28, 12:00 ,Match for third place,Cuauhtemoc,Puebla ,Mexico,France,4,2,Belgium,France win after extra time ,France,6
1986,1986-06-29, 12:00 ,Final,Estadio Azteca,Mexico City ,Mexico,Argentina,3,2,Germany, ,Argentina,5
1990,1990-06-08, 18:00 ,Group B,Giuseppe Meazza,Milan ,Italy,Argentina,0,1,Cameroon, ,Cameroon,1
1990,1990-06-09, 17:00 ,Group B,Stadio San Nicola,Bari ,Italy,Russia,0,2,Romania, ,Romania,2
1990,1990-06-09, 17:00 ,Group D,Renato Dall Ara,Bologna ,Italy,United Arab Emirates,0,2,Colombia, ,Colombia,2
1990,1990-06-09, 21:00 ,Group A,Stadio Olimpico,Rome ,Italy,Italy,1,0,Austria, ,Italy,1
1990,1990-06-10, 17:00 ,Group A,Comunale,Florence ,Italy,USA,1,5,Czechoslovakia, ,Czechoslovakia,6
1990,1990-06-10, 21:00 ,Group C,Stadio delle Alpi,Turin ,Italy,Brazil,2,1,Sweden, ,Brazil,3
1990,1990-06-10, 21:00 ,Group D,Giuseppe Meazza,Milan ,Italy,Germany,4,1,Yugoslavia, ,Germany,5
1990,1990-06-11, 17:00 ,Group C,Luigi Ferraris,Genoa ,Italy,Costa Rica,1,0,Scotland, ,Costa Rica,1
1990,1990-06-11, 21:00 ,Group F,Sant Elia,Cagliari ,Italy,England,1,1,Republic of Ireland, ,Draw,2
1990,1990-06-12, 17:00 ,Group E,Marc Antonio Bentegodi,Verona ,Italy,Belgium,2,0,Korea Republic, ,Belgium,2
1990,1990-06-12, 21:00 ,Group F,Della Favorita,Palermo ,Italy,Netherlands,1,1,Egypt, ,Draw,2
1990,1990-06-13, 17:00 ,Group E,Dacia Arena,Udine ,Italy,Uruguay,0,0,Spain, ,Draw,0
1990,1990-06-13, 21:00 ,Group B,San Paolo,Naples ,Italy,Argentina,2,0,Russia, ,Argentina,2
1990,1990-06-14, 17:00 ,Group B,Stadio San Nicola,Bari ,Italy,Cameroon,2,1,Romania, ,Cameroon,3
1990,1990-06-14, 17:00 ,Group D,Renato Dall Ara,Bologna ,Italy,Yugoslavia,1,0,Colombia, ,Yugoslavia,1
1990,1990-06-14, 21:00 ,Group A,Stadio Olimpico,Rome ,Italy,Italy,1,0,USA, ,Italy,1
1990,1990-06-15, 17:00 ,Group A,Comunale,Florence ,Italy,Austria,0,1,Czechoslovakia, ,Czechoslovakia,1
1990,1990-06-15, 21:00 ,Group D,Giuseppe Meazza,Milan ,Italy,Germany,5,1,United Arab Emirates, ,Germany,6
1990,1990-06-16, 17:00 ,Group C,Stadio delle Alpi,Turin ,Italy,Brazil,1,0,Costa Rica, ,Brazil,1
1990,1990-06-16, 21:00 ,Group C,Luigi Ferraris,Genoa ,Italy,Sweden,1,2,Scotland, ,Scotland,3
1990,1990-06-16, 21:00 ,Group F,Sant Elia,Cagliari ,Italy,England,0,0,Netherlands, ,Draw,0
1990,1990-06-17, 17:00 ,Group F,Della Favorita,Palermo ,Italy,Republic of Ireland,0,0,Egypt, ,Draw,0
1990,1990-06-17, 21:00 ,Group E,Dacia Arena,Udine ,Italy,Korea Republic,1,3,Spain, ,Spain,4
1990,1990-06-17, 21:00 ,Group E,Marc Antonio Bentegodi,Verona ,Italy,Belgium,3,1,Uruguay, ,Belgium,4
1990,1990-06-18, 21:00 ,Group B,San Paolo,Naples ,Italy,Argentina,1,1,Romania, ,Draw,2
1990,1990-06-18, 21:00 ,Group B,Stadio San Nicola,Bari ,Italy,Cameroon,0,4,Russia, ,Russia,4
1990,1990-06-19, 17:00 ,Group D,Giuseppe Meazza,Milan ,Italy,Germany,1,1,Colombia, ,Draw,2
1990,1990-06-19, 17:00 ,Group D,Renato Dall Ara,Bologna ,Italy,Yugoslavia,4,1,United Arab Emirates, ,Yugoslavia,5
1990,1990-06-19, 21:00 ,Group A,Stadio Olimpico,Rome ,Italy,Italy,2,0,Czechoslovakia, ,Italy,2
1990,1990-06-19, 21:00 ,Group A,Comunale,Florence ,Italy,Austria,2,1,USA, ,Austria,3
1990,1990-06-20, 21:00 ,Group C,Stadio delle Alpi,Turin ,Italy,Brazil,1,0,Scotland, ,Brazil,1
1990,1990-06-20, 21:00 ,Group C,Luigi Ferraris,Genoa ,Italy,Sweden,1,2,Costa Rica, ,Costa Rica,3
1990,1990-06-21, 17:00 ,Group E,Friuli,Udine ,Italy,Korea Republic,0,1,Uruguay, ,Uruguay,1
1990,1990-06-21, 17:00 ,Group E,Marc Antonio Bentegodi,Verona ,Italy,Belgium,1,2,Spain, ,Spain,3
1990,1990-06-21, 21:00 ,Group F,Della Favorita,Palermo ,Italy,Republic of Ireland,1,1,Netherlands, ,Draw,2
1990,1990-06-21, 21:00 ,Group F,Sant Elia,Cagliari ,Italy,England,1,0,Egypt, ,England,1
1990,1990-06-23, 17:00 ,Round of 16,San Paolo,Naples ,Italy,Cameroon,2,1,Colombia,Cameroon win after extra time ,Cameroon,3
1990,1990-06-23, 21:00 ,Round of 16,Stadio San Nicola,Bari ,Italy,Czechoslovakia,4,1,Costa Rica, ,Czechoslovakia,5
1990,1990-06-24, 17:00 ,Round of 16,Stadio delle Alpi,Turin ,Italy,Brazil,0,1,Argentina, ,Argentina,1
1990,1990-06-24, 21:00 ,Round of 16,Giuseppe Meazza,Milan ,Italy,Germany,2,1,Netherlands, ,Germany,3
1990,1990-06-25, 17:00 ,Round of 16,Luigi Ferraris,Genoa ,Italy,Republic of Ireland,0,0,Romania,Republic of Ireland win on penalties (5 - 4) ,Republic of Ireland,0
1990,1990-06-25, 21:00 ,Round of 16,Stadio Olimpico,Rome ,Italy,Italy,2,0,Uruguay, ,Italy,2
1990,1990-06-26, 17:00 ,Round of 16,Marc Antonio Bentegodi,Verona ,Italy,Spain,1,2,Yugoslavia,Yugoslavia win after extra time ,Yugoslavia,3
1990,1990-06-26, 21:00 ,Round of 16,Renato Dall Ara,Bologna ,Italy,England,1,0,Belgium,England win after extra time ,England,1
1990,1990-06-30, 17:00 ,Quarter-finals,Comunale,Florence ,Italy,Yugoslavia,0,0,Argentina, win on penalties (2 - 3) ,Draw,0
1990,1990-06-30, 21:00 ,Quarter-finals,Stadio Olimpico,Rome ,Italy,Italy,1,0,Republic of Ireland, ,Italy,1
1990,1990-07-01, 17:00 ,Quarter-finals,Giuseppe Meazza,Milan ,Italy,Germany,1,0,Czechoslovakia, ,Germany,1
1990,1990-07-01, 21:00 ,Quarter-finals,San Paolo,Naples ,Italy,England,3,2,Cameroon,England win after extra time ,England,5
1990,1990-07-03, 20:00 ,Semi-finals,San Paolo,Naples ,Italy,Italy,1,1,Argentina, win on penalties (3 - 4) ,Draw,2
1990,1990-07-04, 20:00 ,Semi-finals,Stadio delle Alpi,Turin ,Italy,Germany,1,1,England, win on penalties (4 - 3) ,Draw,2
1990,1990-07-07, 20:00 ,Match for third place,Stadio San Nicola,Bari ,Italy,Italy,2,1,England, ,Italy,3
1990,1990-07-08, 20:00 ,Final,Stadio Olimpico,Rome ,Italy,Germany,1,0,Argentina, ,Germany,1
1994,1994-06-17, 19:30 ,Group C,Cotton Bowl,Dallas ,USA,Spain,2,2,Korea Republic, ,Draw,4
1994,1994-06-17, 15:00 ,Group C,Soldier Field,Chicago ,USA,Germany,1,0,Bolivia, ,Germany,1
1994,1994-06-18, 11:30 ,Group A,Pontiac Silverdome,Detroit ,USA,USA,1,1,Switzerland, ,Draw,2
1994,1994-06-18, 16:00 ,Group E,Giants Stadium,New York/New Jersey ,USA,Italy,0,1,Republic of Ireland, ,Republic of Ireland,1
1994,1994-06-18, 19:30 ,Group A,Rose Bowl,Los Angeles ,USA,Colombia,1,3,Romania, ,Romania,4
1994,1994-06-19, 12:30 ,Group F,Citrus Bowl,Orlando ,USA,Belgium,1,0,Morocco, ,Belgium,1
1994,1994-06-19, 16:00 ,Group E,RFK Stadium,Washington Dc ,USA,Norway,1,0,Mexico, ,Norway,1
1994,1994-06-19, 19:30 ,Group B,Rose Bowl,Los Angeles ,USA,Cameroon,2,2,Sweden, ,Draw,4
1994,1994-06-20, 19:30 ,Group F,RFK Stadium,Washington Dc ,USA,Netherlands,2,1,Saudi Arabia, ,Netherlands,3
1994,1994-06-20, 16:00 ,Group B,Stanford Stadium,San Francisco ,USA,Brazil,2,0,Russia, ,Brazil,2
1994,1994-06-21, 12:30 ,Group D,Foxboro Stadium,Boston ,USA,Argentina,4,0,Greece, ,Argentina,4
1994,1994-06-21, 19:30 ,Group D,Cotton Bowl,Dallas ,USA,Nigeria,3,0,Bulgaria, ,Nigeria,3
1994,1994-06-21, 16:00 ,Group C,Soldier Field,Chicago ,USA,Germany,1,1,Spain, ,Draw,2
1994,1994-06-22, 16:00 ,Group A,Pontiac Silverdome,Detroit ,USA,Romania,1,4,Switzerland, ,Switzerland,5
1994,1994-06-22, 19:30 ,Group A,Rose Bowl,Los Angeles ,USA,USA,2,1,Colombia, ,USA,3
1994,1994-06-23, 16:00 ,Group E,Giants Stadium,New York/New Jersey ,USA,Italy,1,0,Norway, ,Italy,1
1994,1994-06-23, 19:30 ,Group C,Foxboro Stadium,Boston ,USA,Korea Republic,0,0,Bolivia, ,Draw,0
1994,1994-06-24, 12:30 ,Group E,Citrus Bowl,Orlando ,USA,Mexico,2,1,Republic of Ireland, ,Mexico,3
1994,1994-06-24, 19:30 ,Group B,Pontiac Silverdome,Detroit ,USA,Sweden,3,1,Russia, ,Sweden,4
1994,1994-06-24, 16:00 ,Group B,Stanford Stadium,San Francisco ,USA,Brazil,3,0,Cameroon, ,Brazil,3
1994,1994-06-25, 12:30 ,Group F,Citrus Bowl,Orlando ,USA,Belgium,1,0,Netherlands, ,Belgium,1
1994,1994-06-25, 12:30 ,Group F,Giants Stadium,New York/New Jersey ,USA,Saudi Arabia,2,1,Morocco, ,Saudi Arabia,3
1994,1994-06-25, 16:00 ,Group D,Foxboro Stadium,Boston ,USA,Argentina,2,1,Nigeria, ,Argentina,3
1994,1994-06-26, 12:30 ,Group D,Soldier Field,Chicago ,USA,Bulgaria,4,0,Greece, ,Bulgaria,4
1994,1994-06-26, 16:00 ,Group A,Rose Bowl,Los Angeles ,USA,USA,0,1,Romania, ,Romania,1
1994,1994-06-26, 16:00 ,Group A,Stanford Stadium,San Francisco ,USA,Switzerland,0,2,Colombia, ,Colombia,2
1994,1994-06-27, 16:00 ,Group C,Cotton Bowl,Dallas ,USA,Germany,3,2,Korea Republic, ,Germany,5
1994,1994-06-27, 16:00 ,Group C,Soldier Field,Chicago ,USA,Bolivia,1,3,Spain, ,Spain,4
1994,1994-06-28, 12:30 ,Group E,Giants Stadium,New York/New Jersey ,USA,Republic of Ireland,0,0,Norway, ,Draw,0
1994,1994-06-28, 16:00 ,Group B,Pontiac Silverdome,Detroit ,USA,Brazil,1,1,Sweden, ,Draw,2
1994,1994-06-28, 12:30 ,Group E,RFK Stadium,Washington Dc ,USA,Italy,1,1,Mexico, ,Draw,2
1994,1994-06-28, 16:00 ,Group B,Stanford Stadium,San Francisco ,USA,Russia,6,1,Cameroon, ,Russia,7
1994,1994-06-29, 12:30 ,Group F,Citrus Bowl,Orlando ,USA,Morocco,1,2,Netherlands, ,Netherlands,3
1994,1994-06-29, 12:30 ,Group F,RFK Stadium,Washington Dc ,USA,Belgium,0,1,Saudi Arabia, ,Saudi Arabia,1
1994,1994-06-30, 19:30 ,Group D,Foxboro Stadium,Boston ,USA,Greece,0,2,Nigeria, ,Nigeria,2
1994,1994-06-30, 19:30 ,Group D,Cotton Bowl,Dallas ,USA,Argentina,0,2,Bulgaria, ,Bulgaria,2
1994,1994-07-02, 12:00 ,Round of 16,Soldier Field,Chicago ,USA,Germany,3,2,Belgium, ,Germany,5
1994,1994-07-02, 16:30 ,Round of 16,RFK Stadium,Washington Dc ,USA,Spain,3,0,Switzerland, ,Spain,3
1994,1994-07-03, 12:00 ,Round of 16,Cotton Bowl,Dallas ,USA,Saudi Arabia,1,3,Sweden, ,Sweden,4
1994,1994-07-03, 13:30 ,Round of 16,Rose Bowl,Los Angeles ,USA,Romania,3,2,Argentina, ,Romania,5
1994,1994-07-04, 12:00 ,Round of 16,Citrus Bowl,Orlando ,USA,Netherlands,2,0,Republic of Ireland, ,Netherlands,2
1994,1994-07-04, 12:30 ,Round of 16,Stanford Stadium,San Francisco ,USA,Brazil,1,0,USA, ,Brazil,1
1994,1994-07-05, 13:00 ,Round of 16,Foxboro Stadium,Boston ,USA,Nigeria,1,2,Italy,Italy win after extra time ,Italy,3
1994,1994-07-05, 16:30 ,Round of 16,Giants Stadium,New York/New Jersey ,USA,Mexico,1,1,Bulgaria,Bulgaria win on penalties (1 - 3) ,Bulgaria,2
1994,1994-07-09, 12:00 ,Quarter-finals,Foxboro Stadium,Boston ,USA,Italy,2,1,Spain, ,Italy,3
1994,1994-07-09, 14:30 ,Quarter-finals,Cotton Bowl,Dallas ,USA,Netherlands,2,3,Brazil, ,Brazil,5
1994,1994-07-10, 12:00 ,Quarter-finals,Giants Stadium,New York/New Jersey ,USA,Bulgaria,2,1,Germany, ,Bulgaria,3
1994,1994-07-10, 12:30 ,Quarter-finals,Stanford Stadium,San Francisco ,USA,Romania,2,2,Sweden,Sweden win on penalties (4 - 5) ,Sweden,4
1994,1994-07-13, 16:00 ,Semi-finals,Giants Stadium,New York/New Jersey ,USA,Bulgaria,1,2,Italy, ,Italy,3
1994,1994-07-13, 16:30 ,Semi-finals,Rose Bowl,Los Angeles ,USA,Sweden,0,1,Brazil, ,Brazil,1
1994,1994-07-16, 12:30 ,Match for third place,Rose Bowl,Los Angeles ,USA,Sweden,4,0,Bulgaria, ,Sweden,4
1994,1994-07-17, 12:30 ,Final,Rose Bowl,Los Angeles ,USA,Brazil,0,0,Italy,Brazil win on penalties (3 - 2) ,Brazil,0
1998,1998-06-10, 17:30 ,Group A,Stade de France,Saint-Denis ,France,Brazil,2,1,Scotland, ,Brazil,3
1998,1998-06-10, 21:00 ,Group A,La Mosson,Montpellier ,France,Morocco,2,2,Norway, ,Draw,4
1998,1998-06-11, 17:30 ,Group B,Stade du Parc Lescure,Bordeaux ,France,Italy,2,2,Chile, ,Draw,4
1998,1998-06-11, 21:00 ,Group B,Stade Municipal,Toulouse ,France,Cameroon,1,1,Austria, ,Draw,2
1998,1998-06-12, 14:30 ,Group D,La Mosson,Montpellier ,France,Paraguay,0,0,Bulgaria, ,Draw,0
1998,1998-06-12, 17:30 ,Group C,Stade Felix Bollaert,Lens ,France,Saudi Arabia,0,1,Denmark, ,Denmark,1
1998,1998-06-12, 21:00 ,Group C,Stade Vï¿½lodrome,Marseilles ,France,France,3,0,South Africa, ,France,3
1998,1998-06-13, 14:30 ,Group D,La Beaujoire,Nantes ,France,Spain,2,3,Nigeria, ,Nigeria,5
1998,1998-06-13, 17:30 ,Group E,Stade de Gerland,Lyon ,France,Korea Republic,1,3,Mexico, ,Mexico,4
1998,1998-06-13, 21:00 ,Group E,Stade de France,Saint-Denis ,France,Netherlands,0,0,Belgium, ,Draw,0
1998,1998-06-14, 14:30 ,Group H,Stade Municipal,Toulouse ,France,Argentina,1,0,Japan, ,Argentina,1
1998,1998-06-14, 17:30 ,Group F,Stade Geoffroy Guichard,Saint-Etienne ,France,Yugoslavia,1,0,Iran, ,Yugoslavia,1
1998,1998-06-14, 21:00 ,Group H,Stade Felix Bollaert,Lens ,France,Jamaica,1,3,Croatia, ,Croatia,4
1998,1998-06-15, 14:30 ,Group G,Stade Vï¿½lodrome,Marseilles ,France,England,2,0,Tunisia, ,England,2
1998,1998-06-15, 17:30 ,Group G,Stade de Gerland,Lyon ,France,Romania,1,0,Colombia, ,Romania,1
1998,1998-06-15, 21:00 ,Group F,Parc des Princes,Paris ,France,Germany,2,0,USA, ,Germany,2
1998,1998-06-16, 17:30 ,Group A,Stade du Parc Lescure,Bordeaux ,France,Scotland,1,1,Norway, ,Draw,2
1998,1998-06-16, 21:00 ,Group A,La Beaujoire,Nantes ,France,Brazil,3,0,Morocco, ,Brazil,3
1998,1998-06-17, 17:30 ,Group B,Stade Geoffroy Guichard,Saint-Etienne ,France,Chile,1,1,Austria, ,Draw,2
1998,1998-06-17, 21:00 ,Group B,La Mosson,Montpellier ,France,Italy,3,0,Cameroon, ,Italy,3
1998,1998-06-18, 17:30 ,Group C,Stade Municipal,Toulouse ,France,South Africa,1,1,Denmark, ,Draw,2
1998,1998-06-18, 21:00 ,Group C,Stade de France,Saint-Denis ,France,France,4,0,Saudi Arabia, ,France,4
1998,1998-06-19, 17:30 ,Group D,Parc des Princes,Paris ,France,Nigeria,1,0,Bulgaria, ,Nigeria,1
1998,1998-06-19, 21:00 ,Group D,Stade Geoffroy Guichard,Saint-Etienne ,France,Spain,0,0,Paraguay, ,Draw,0
1998,1998-06-20, 14:30 ,Group H,La Beaujoire,Nantes ,France,Japan,0,1,Croatia, ,Croatia,1
1998,1998-06-20, 17:30 ,Group E,Stade du Parc Lescure,Bordeaux ,France,Belgium,2,2,Mexico, ,Draw,4
1998,1998-06-20, 21:00 ,Group E,Stade Vï¿½lodrome,Marseilles ,France,Netherlands,5,0,Korea Republic, ,Netherlands,5
1998,1998-06-21, 14:30 ,Group F,Stade Felix Bollaert,Lens ,France,Germany,2,2,Yugoslavia, ,Draw,4
1998,1998-06-21, 17:30 ,Group H,Parc des Princes,Paris ,France,Argentina,5,0,Jamaica, ,Argentina,5
1998,1998-06-21, 21:00 ,Group F,Stade de Gerland,Lyon ,France,USA,1,2,Iran, ,Iran,3
1998,1998-06-22, 17:30 ,Group G,La Mosson,Montpellier ,France,Colombia,1,0,Tunisia, ,Colombia,1
1998,1998-06-22, 21:00 ,Group G,Stade Municipal,Toulouse ,France,Romania,2,1,England, ,Romania,3
1998,1998-06-23, 16:00 ,Group B,Stade de France,Saint-Denis ,France,Italy,2,1,Austria, ,Italy,3
1998,1998-06-23, 16:00 ,Group B,La Beaujoire,Nantes ,France,Chile,1,1,Cameroon, ,Draw,2
1998,1998-06-23, 21:00 ,Group A,Stade Geoffroy Guichard,Saint-Etienne ,France,Scotland,0,3,Morocco, ,Morocco,3
1998,1998-06-23, 21:00 ,Group A,Stade Vï¿½lodrome,Marseilles ,France,Brazil,1,2,Norway, ,Norway,3
1998,1998-06-24, 16:00 ,Group C,Stade de Gerland,Lyon ,France,France,2,1,Denmark, ,France,3
1998,1998-06-24, 16:00 ,Group C,Stade du Parc Lescure,Bordeaux ,France,South Africa,2,2,Saudi Arabia, ,Draw,4
1998,1998-06-24, 21:00 ,Group D,Stade Felix Bollaert,Lens ,France,Spain,6,1,Bulgaria, ,Spain,7
1998,1998-06-24, 21:00 ,Group D,Stade Municipal,Toulouse ,France,Nigeria,1,3,Paraguay, ,Paraguay,4
1998,1998-06-25, 16:00 ,Group E,Parc des Princes,Paris ,France,Belgium,1,1,Korea Republic, ,Draw,2
1998,1998-06-25, 16:00 ,Group E,Stade Geoffroy Guichard,Saint-Etienne ,France,Netherlands,2,2,Mexico, ,Draw,4
1998,1998-06-25, 21:00 ,Group F,La Mosson,Montpellier ,France,Germany,2,0,Iran, ,Germany,2
1998,1998-06-25, 21:00 ,Group F,La Beaujoire,Nantes ,France,USA,0,1,Yugoslavia, ,Yugoslavia,1
1998,1998-06-26, 16:00 ,Group H,Stade de Gerland,Lyon ,France,Japan,1,2,Jamaica, ,Jamaica,3
1998,1998-06-26, 16:00 ,Group H,Stade du Parc Lescure,Bordeaux ,France,Argentina,1,0,Croatia, ,Argentina,1
1998,1998-06-26, 21:00 ,Group G,Stade de France,Saint-Denis ,France,Romania,1,1,Tunisia, ,Draw,2
1998,1998-06-26, 21:00 ,Group G,Stade Felix Bollaert,Lens ,France,Colombia,0,2,England, ,England,2
1998,1998-06-27, 16:30 ,Round of 16,Stade Vï¿½lodrome,Marseilles ,France,Italy,1,0,Norway, ,Italy,1
1998,1998-06-27, 21:00 ,Round of 16,Parc des Princes,Paris ,France,Brazil,4,1,Chile, ,Brazil,5
1998,1998-06-28, 16:30 ,Round of 16,Stade Felix Bollaert,Lens ,France,France,1,0,Paraguay,France win after extra time ,France,1
1998,1998-06-28, 21:00 ,Round of 16,Stade de France,Saint-Denis ,France,Nigeria,1,4,Denmark, ,Denmark,5
1998,1998-06-29, 16:30 ,Round of 16,La Mosson,Montpellier ,France,Germany,2,1,Mexico, ,Germany,3
1998,1998-06-29, 21:00 ,Round of 16,Stade Municipal,Toulouse ,France,Netherlands,2,1,Yugoslavia, ,Netherlands,3
1998,1998-06-30, 16:30 ,Round of 16,Stade du Parc Lescure,Bordeaux ,France,Romania,0,1,Croatia, ,Croatia,1
1998,1998-06-30, 21:00 ,Round of 16,Stade Geoffroy Guichard,Saint-Etienne ,France,Argentina,2,2,England,Argentina win on penalties (4 - 3) ,Argentina,4
1998,1998-07-03, 16:30 ,Quarter-finals,Stade de France,Saint-Denis ,France,Italy,0,0,France,France win on penalties (3 - 4) ,France,0
1998,1998-07-03, 21:00 ,Quarter-finals,La Beaujoire,Nantes ,France,Brazil,3,2,Denmark, ,Brazil,5
1998,1998-07-04, 16:30 ,Quarter-finals,Stade Vï¿½lodrome,Marseilles ,France,Netherlands,2,1,Argentina, ,Netherlands,3
1998,1998-07-04, 21:00 ,Quarter-finals,Stade de Gerland,Lyon ,France,Germany,0,3,Croatia, ,Croatia,3
1998,1998-07-07, 21:00 ,Semi-finals,Stade Vï¿½lodrome,Marseilles ,France,Brazil,1,1,Netherlands,Brazil win on penalties (4 - 2) ,Brazil,2
1998,1998-07-08, 21:00 ,Semi-finals,Stade de France,Saint-Denis ,France,France,2,1,Croatia, ,France,3
1998,1998-07-11, 21:00 ,Match for third place,Parc des Princes,Paris ,France,Netherlands,1,2,Croatia, ,Croatia,3
1998,1998-07-12, 21:00 ,Final,Stade de France,Saint-Denis ,France,Brazil,0,3,France, ,France,3
2002,2002-05-31, 20:30 ,Group A,Seoul World Cup Stadium,Seoul ,Korea/Japan,France,0,1,Senegal, ,Senegal,1
2002,2002-06-01, 18:00 ,Group A,Munsu Football Stadium,Ulsan ,Korea/Japan,Uruguay,1,2,Denmark, ,Denmark,3
2002,2002-06-01, 15:30 ,Group E,Niigata Stadium Big Swan,Niigata ,Korea/Japan,Republic of Ireland,1,1,Cameroon, ,Draw,2
2002,2002-06-01, 20:30 ,Group E,Sapporo Dome,Sapporo ,Korea/Japan,Germany,8,0,Saudi Arabia, ,Germany,8
2002,2002-06-02, 14:30 ,Group F,Kashima Stadium,Ibaraki ,Korea/Japan,Argentina,1,0,Nigeria, ,Argentina,1
2002,2002-06-02, 16:30 ,Group B,Busan Asiad Main Stadium,Busan ,Korea/Japan,Paraguay,2,2,South Africa, ,Draw,4
2002,2002-06-02, 18:30 ,Group F,Saitama Stadium 2002,Saitama ,Korea/Japan,England,1,1,Sweden, ,Draw,2
2002,2002-06-02, 20:30 ,Group B,Gwangju World Cup Stadium,Gwangju ,Korea/Japan,Spain,3,1,Slovenia, ,Spain,4
2002,2002-06-03, 18:00 ,Group C,Munsu Football Stadium,Ulsan ,Korea/Japan,Brazil,2,1,Turkey, ,Brazil,3
2002,2002-06-03, 20:30 ,Group G,Sapporo Dome,Sapporo ,Korea/Japan,Italy,2,0,Ecuador, ,Italy,2
2002,2002-06-03, 15:30 ,Group G,Niigata Stadium Big Swan,Niigata ,Korea/Japan,Croatia,0,1,Mexico, ,Mexico,1
2002,2002-06-04, 15:30 ,Group C,Gwangju World Cup Stadium,Gwangju ,Korea/Japan,China PR,0,2,Costa Rica, ,Costa Rica,2
2002,2002-06-04, 18:00 ,Group H,Saitama Stadium 2002,Saitama ,Korea/Japan,Japan,2,2,Belgium, ,Draw,4
2002,2002-06-04, 20:30 ,Group D,Busan Asiad Main Stadium,Busan ,Korea/Japan,Korea Republic,2,0,Poland, ,Korea Republic,2
2002,2002-06-05, 15:30 ,Group H,Kobe Wing Stadium,Kobe ,Korea/Japan,Russia,2,0,Tunisia, ,Russia,2
2002,2002-06-05, 18:00 ,Group D,Suwon World Cup Stadium,Suwon ,Korea/Japan,USA,3,2,Portugal, ,USA,5
2002,2002-06-05, 20:30 ,Group E,Kashima Stadium,Ibaraki ,Korea/Japan,Germany,1,1,Republic of Ireland, ,Draw,2
2002,2002-06-06, 15:30 ,Group A,Daegu World Cup Stadium,Daegu ,Korea/Japan,Denmark,1,1,Senegal, ,Draw,2
2002,2002-06-06, 18:00 ,Group E,Saitama Stadium 2002,Saitama ,Korea/Japan,Cameroon,1,0,Saudi Arabia, ,Cameroon,1
2002,2002-06-06, 20:30 ,Group A,Busan Asiad Main Stadium,Busan ,Korea/Japan,France,0,0,Uruguay, ,Draw,0
2002,2002-06-07, 15:30 ,Group F,Kobe Wing Stadium,Kobe ,Korea/Japan,Sweden,2,1,Nigeria, ,Sweden,3
2002,2002-06-07, 20:30 ,Group F,Sapporo Dome,Sapporo ,Korea/Japan,Argentina,0,1,England, ,England,1
2002,2002-06-07, 18:00 ,Group B,Jeonju World Cup Stadium,Jeonju ,Korea/Japan,Spain,3,1,Paraguay, ,Spain,4
2002,2002-06-08, 15:30 ,Group B,Daegu World Cup Stadium,Daegu ,Korea/Japan,South Africa,1,0,Slovenia, ,South Africa,1
2002,2002-06-08, 20:30 ,Group C,Jeju World Cup Stadium,Jeju ,Korea/Japan,Brazil,4,0,China PR, ,Brazil,4
2002,2002-06-08, 18:00 ,Group G,Kashima Stadium,Ibaraki ,Korea/Japan,Italy,1,2,Croatia, ,Croatia,3
2002,2002-06-09, 18:00 ,Group C,Incheon Football Stadium,Incheon ,Korea/Japan,Costa Rica,1,1,Turkey, ,Draw,2
2002,2002-06-09, 20:30 ,Group H,International Stadium Yokohama,Yokohama ,Korea/Japan,Japan,1,0,Russia, ,Japan,1
2002,2002-06-09, 15:30 ,Group G,Miyagi Stadium,Rifu ,Korea/Japan,Mexico,2,1,Ecuador, ,Mexico,3
2002,2002-06-10, 15:30 ,Group D,Daegu World Cup Stadium,Daegu ,Korea/Japan,Korea Republic,1,1,USA, ,Draw,2
2002,2002-06-10, 20:30 ,Group D,Jeonju World Cup Stadium,Jeonju ,Korea/Japan,Portugal,4,0,Poland, ,Portugal,4
2002,2002-06-10, 18:00 ,Group H,Oita Stadium Big Eye,Oita ,Korea/Japan,Tunisia,1,1,Belgium, ,Draw,2
2002,2002-06-11, 15:30 ,Group A,Incheon Football Stadium,Incheon ,Korea/Japan,Denmark,2,0,France, ,Denmark,2
2002,2002-06-11, 15:30 ,Group A,Suwon World Cup Stadium,Suwon ,Korea/Japan,Senegal,3,3,Uruguay, ,Draw,6
2002,2002-06-11, 20:30 ,Group E,International Stadium Yokohama,Yokohama ,Korea/Japan,Saudi Arabia,0,3,Republic of Ireland, ,Republic of Ireland,3
2002,2002-06-11, 20:30 ,Group E,Shizuoka Stadium Ecopa,Shizuoka ,Korea/Japan,Cameroon,0,2,Germany, ,Germany,2
2002,2002-06-12, 15:30 ,Group F,Miyagi Stadium,Rifu ,Korea/Japan,Sweden,1,1,Argentina, ,Draw,2
2002,2002-06-12, 15:30 ,Group F,Osaka Nagai Stadium,Osaka ,Korea/Japan,Nigeria,0,0,England, ,Draw,0
2002,2002-06-12, 20:30 ,Group B,Jeju World Cup Stadium,Jeju ,Korea/Japan,Slovenia,1,3,Paraguay, ,Paraguay,4
2002,2002-06-12, 20:30 ,Group B,Daejeon World Cup Stadium,Daejeon ,Korea/Japan,South Africa,2,3,Spain, ,Spain,5
2002,2002-06-13, 15:30 ,Group C,Suwon World Cup Stadium,Suwon ,Korea/Japan,Costa Rica,2,5,Brazil, ,Brazil,7
2002,2002-06-13, 15:30 ,Group C,Seoul World Cup Stadium,Seoul ,Korea/Japan,Turkey,3,0,China PR, ,Turkey,3
2002,2002-06-13, 20:30 ,Group G,International Stadium Yokohama,Yokohama ,Korea/Japan,Ecuador,1,0,Croatia, ,Ecuador,1
2002,2002-06-13, 20:30 ,Group G,Oita Stadium Big Eye,Oita ,Korea/Japan,Mexico,1,1,Italy, ,Draw,2
2002,2002-06-14, 15:30 ,Group H,Osaka Nagai Stadium,Osaka ,Korea/Japan,Tunisia,0,2,Japan, ,Japan,2
2002,2002-06-14, 20:30 ,Group D,Incheon Football Stadium,Incheon ,Korea/Japan,Portugal,0,1,Korea Republic, ,Korea Republic,1
2002,2002-06-14, 20:30 ,Group D,Daejeon World Cup Stadium,Daejeon ,Korea/Japan,Poland,3,1,USA, ,Poland,4
2002,2002-06-14, 15:30 ,Group H,Shizuoka Stadium Ecopa,Shizuoka ,Korea/Japan,Belgium,3,2,Russia, ,Belgium,5
2002,2002-06-15, 20:30 ,Round of 16,Niigata Stadium Big Swan,Niigata ,Korea/Japan,Denmark,0,3,England, ,England,3
2002,2002-06-15, 15:30 ,Round of 16,Jeju World Cup Stadium,Jeju ,Korea/Japan,Germany,1,0,Paraguay, ,Germany,1
2002,2002-06-16, 20:30 ,Round of 16,Suwon World Cup Stadium,Suwon ,Korea/Japan,Spain,1,1,Republic of Ireland,Spain win on penalties (3 - 2) ,Spain,2
2002,2002-06-16, 15:30 ,Round of 16,Oita Stadium Big Eye,Oita ,Korea/Japan,Sweden,1,2,Senegal,Win on Golden Goal ,Senegal,3
2002,2002-06-17, 20:30 ,Round of 16,Kobe Wing Stadium,Kobe ,Korea/Japan,Brazil,2,0,Belgium, ,Brazil,2
2002,2002-06-17, 15:30 ,Round of 16,Jeonju World Cup Stadium,Jeonju ,Korea/Japan,Mexico,0,2,USA, ,USA,2
2002,2002-06-18, 15:30 ,Round of 16,Miyagi Stadium,Rifu ,Korea/Japan,Japan,0,1,Turkey, ,Turkey,1
2002,2002-06-18, 20:30 ,Round of 16,Daejeon World Cup Stadium,Daejeon ,Korea/Japan,Korea Republic,2,1,Italy,Win on Golden Goal ,Korea Republic,3
2002,2002-06-21, 15:30 ,Quarter-finals,Shizuoka Stadium Ecopa,Shizuoka ,Korea/Japan,England,1,2,Brazil, ,Brazil,3
2002,2002-06-21, 20:30 ,Quarter-finals,Munsu Football Stadium,Ulsan ,Korea/Japan,Germany,1,0,USA, ,Germany,1
2002,2002-06-22, 20:30 ,Quarter-finals,Osaka Nagai Stadium,Osaka ,Korea/Japan,Senegal,0,1,Turkey,Win on Golden Goal ,Turkey,1
2002,2002-06-22, 15:30 ,Quarter-finals,Gwangju World Cup Stadium,Gwangju ,Korea/Japan,Spain,0,0,Korea Republic,Korea Republic win on penalties (3 - 5) ,Korea Republic,0
2002,2002-06-25, 20:30 ,Semi-finals,Seoul World Cup Stadium,Seoul ,Korea/Japan,Germany,1,0,Korea Republic, ,Germany,1
2002,2002-06-26, 20:30 ,Semi-finals,Saitama Stadium 2002,Saitama ,Korea/Japan,Brazil,1,0,Turkey, ,Brazil,1
2002,2002-06-29, 20:00 ,Third place,Daegu World Cup Stadium,Daegu ,Korea/Japan,Korea Republic,2,3,Turkey, ,Turkey,5
2002,2002-06-30, 20:00 ,Final,International Stadium Yokohama,Yokohama ,Korea/Japan,Germany,0,2,Brazil, ,Brazil,2
2006,2006-06-09, 18:00 ,Group A,"FIFA World Cup Stadium, Munich",Munich ,Germany,Germany,4,2,Costa Rica, ,Germany,6
2006,2006-06-09, 21:00 ,Group A,"FIFA World Cup Stadium, Gelsenkirchen",Gelsenkirchen ,Germany,Poland,0,2,Ecuador, ,Ecuador,2
2006,2006-06-10, 15:00 ,Group B,"FIFA World Cup Stadium, Frankfurt",Frankfurt/Main ,Germany,England,1,0,Paraguay, ,England,1
2006,2006-06-10, 18:00 ,Group B,"FIFA World Cup Stadium, Dortmund",Dortmund ,Germany,Trinidad and Tobago,0,0,Sweden, ,Draw,0
2006,2006-06-10, 21:00 ,Group C,"FIFA World Cup Stadium, Hamburg",Hamburg ,Germany,Argentina,2,1,Cï¿½te d'Ivoire, ,Argentina,3
2006,2006-06-11, 15:00 ,Group C,Zentralstadion,Leipzig ,Germany,Serbia and Montenegro,0,1,Netherlands, ,Netherlands,1
2006,2006-06-11, 18:00 ,Group D,Franken-Stadion,Nuremberg ,Germany,Mexico,3,1,Iran, ,Mexico,4
2006,2006-06-11, 21:00 ,Group D,"FIFA World Cup Stadium, Cologne",Cologne ,Germany,Angola,0,1,Portugal, ,Portugal,1
2006,2006-06-12, 15:00 ,Group F,Fritz-Walter-Stadion,Kaiserslautern ,Germany,Australia,3,1,Japan, ,Australia,4
2006,2006-06-12, 18:00 ,Group E,"FIFA World Cup Stadium, Gelsenkirchen",Gelsenkirchen ,Germany,USA,0,3,Czech Republic, ,Czech Republic,3
2006,2006-06-12, 21:00 ,Group E,"FIFA World Cup Stadium, Hanover",Hanover ,Germany,Italy,2,0,Ghana, ,Italy,2
2006,2006-06-13, 15:00 ,Group G,"FIFA World Cup Stadium, Frankfurt",Frankfurt/Main ,Germany,Korea Republic,2,1,Togo, ,Korea Republic,3
2006,2006-06-13, 18:00 ,Group G,Gottlieb-Daimler-Stadion,Stuttgart ,Germany,France,0,0,Switzerland, ,Draw,0
2006,2006-06-13, 21:00 ,Group F,Olympiastadion,Berlin ,Germany,Brazil,1,0,Croatia, ,Brazil,1
2006,2006-06-14, 15:00 ,Group H,Zentralstadion,Leipzig ,Germany,Spain,4,0,Ukraine, ,Spain,4
2006,2006-06-14, 18:00 ,Group H,"FIFA World Cup Stadium, Munich",Munich ,Germany,Tunisia,2,2,Saudi Arabia, ,Draw,4
2006,2006-06-14, 21:00 ,Group A,"FIFA World Cup Stadium, Dortmund",Dortmund ,Germany,Germany,1,0,Poland, ,Germany,1
2006,2006-06-15, 15:00 ,Group A,"FIFA World Cup Stadium, Hamburg",Hamburg ,Germany,Ecuador,3,0,Costa Rica, ,Ecuador,3
2006,2006-06-15, 18:00 ,Group B,Franken-Stadion,Nuremberg ,Germany,England,2,0,Trinidad and Tobago, ,England,2
2006,2006-06-15, 21:00 ,Group B,Olympiastadion,Berlin ,Germany,Sweden,1,0,Paraguay, ,Sweden,1
2006,2006-06-16, 15:00 ,Group C,"FIFA World Cup Stadium, Gelsenkirchen",Gelsenkirchen ,Germany,Argentina,6,0,Serbia and Montenegro, ,Argentina,6
2006,2006-06-16, 18:00 ,Group C,Gottlieb-Daimler-Stadion,Stuttgart ,Germany,Netherlands,2,1,Cï¿½te d'Ivoire, ,Netherlands,3
2006,2006-06-16, 21:00 ,Group D,"FIFA World Cup Stadium, Hanover",Hanover ,Germany,Mexico,0,0,Angola, ,Draw,0
2006,2006-06-17, 15:00 ,Group D,"FIFA World Cup Stadium, Frankfurt",Frankfurt/Main ,Germany,Portugal,2,0,IR Iran, ,Portugal,2
2006,2006-06-17, 18:00 ,Group E,"FIFA World Cup Stadium, Cologne",Cologne ,Germany,Czech Republic,0,2,Ghana, ,Ghana,2
2006,2006-06-17, 21:00 ,Group E,Fritz-Walter-Stadion,Kaiserslautern ,Germany,Italy,1,1,USA, ,Draw,2
2006,2006-06-18, 15:00 ,Group F,Franken-Stadion,Nuremberg ,Germany,Japan,0,0,Croatia, ,Draw,0
2006,2006-06-18, 18:00 ,Group F,"FIFA World Cup Stadium, Munich",Munich ,Germany,Brazil,2,0,Australia, ,Brazil,2
2006,2006-06-18, 21:00 ,Group G,Zentralstadion,Leipzig ,Germany,France,1,1,Korea Republic, ,Draw,2
2006,2006-06-19, 15:00 ,Group G,"FIFA World Cup Stadium, Dortmund",Dortmund ,Germany,Togo,0,2,Switzerland, ,Switzerland,2
2006,2006-06-19, 18:00 ,Group H,"FIFA World Cup Stadium, Hamburg",Hamburg ,Germany,Saudi Arabia,0,4,Ukraine, ,Ukraine,4
2006,2006-06-19, 21:00 ,Group H,Gottlieb-Daimler-Stadion,Stuttgart ,Germany,Spain,3,1,Tunisia, ,Spain,4
2006,2006-06-20, 16:00 ,Group A,Olympiastadion,Berlin ,Germany,Ecuador,0,3,Germany, ,Germany,3
2006,2006-06-20, 16:00 ,Group A,"FIFA World Cup Stadium, Hanover",Hanover ,Germany,Costa Rica,1,2,Poland, ,Poland,3
2006,2006-06-20, 21:00 ,Group B,"FIFA World Cup Stadium, Cologne",Cologne ,Germany,Sweden,2,2,England, ,Draw,4
2006,2006-06-20, 21:00 ,Group B,Fritz-Walter-Stadion,Kaiserslautern ,Germany,Paraguay,2,0,Trinidad and Tobago, ,Paraguay,2
2006,2006-06-21, 16:00 ,Group D,Zentralstadion,Leipzig ,Germany,Iran,1,1,Angola, ,Draw,2
2006,2006-06-21, 16:00 ,Group D,"FIFA World Cup Stadium, Gelsenkirchen",Gelsenkirchen ,Germany,Portugal,2,1,Mexico, ,Portugal,3
2006,2006-06-21, 21:00 ,Group C,"FIFA World Cup Stadium, Frankfurt",Frankfurt/Main ,Germany,Netherlands,0,0,Argentina, ,Draw,0
2006,2006-06-21, 21:00 ,Group C,"FIFA World Cup Stadium, Munich",Munich ,Germany,Cï¿½te d'Ivoire,3,2,Serbia and Montenegro, ,Cï¿½te d'Ivoire,5
2006,2006-06-22, 16:00 ,Group E,"FIFA World Cup Stadium, Hamburg",Hamburg ,Germany,Czech Republic,0,2,Italy, ,Italy,2
2006,2006-06-22, 16:00 ,Group E,Franken-Stadion,Nuremberg ,Germany,Ghana,2,1,USA, ,Ghana,3
2006,2006-06-22, 21:00 ,Group F,"FIFA World Cup Stadium, Dortmund",Dortmund ,Germany,Japan,1,4,Brazil, ,Brazil,5
2006,2006-06-22, 21:00 ,Group F,Gottlieb-Daimler-Stadion,Stuttgart ,Germany,Croatia,2,2,Australia, ,Draw,4
2006,2006-06-23, 16:00 ,Group H,Olympiastadion,Berlin ,Germany,Ukraine,1,0,Tunisia, ,Ukraine,1
2006,2006-06-23, 16:00 ,Group H,Fritz-Walter-Stadion,Kaiserslautern ,Germany,Saudi Arabia,0,1,Spain, ,Spain,1
2006,2006-06-23, 21:00 ,Group G,"FIFA World Cup Stadium, Cologne",Cologne ,Germany,Togo,0,2,France, ,France,2
2006,2006-06-23, 21:00 ,Group G,"FIFA World Cup Stadium, Hanover",Hanover ,Germany,Switzerland,2,0,Korea Republic, ,Switzerland,2
2006,2006-06-24, 17:00 ,Round of 16,"FIFA World Cup Stadium, Munich",Munich ,Germany,Germany,2,0,Sweden, ,Germany,2
2006,2006-06-24, 21:00 ,Round of 16,Zentralstadion,Leipzig ,Germany,Argentina,2,1,Mexico,Argentina win after extra time ,Argentina,3
2006,2006-06-25, 17:00 ,Round of 16,Gottlieb-Daimler-Stadion,Stuttgart ,Germany,England,1,0,Ecuador, ,England,1
2006,2006-06-25, 21:00 ,Round of 16,Franken-Stadion,Nuremberg ,Germany,Portugal,1,0,Netherlands, ,Portugal,1
2006,2006-06-26, 17:00 ,Round of 16,Fritz-Walter-Stadion,Kaiserslautern ,Germany,Italy,1,0,Australia, ,Italy,1
2006,2006-06-26, 21:00 ,Round of 16,"FIFA World Cup Stadium, Cologne",Cologne ,Germany,Switzerland,0,0,Ukraine,Ukraine win on penalties (0 - 3) ,Ukraine,0
2006,2006-06-27, 17:00 ,Round of 16,"FIFA World Cup Stadium, Dortmund",Dortmund ,Germany,Brazil,3,0,Ghana, ,Brazil,3
2006,2006-06-27, 21:00 ,Round of 16,"FIFA World Cup Stadium, Hanover",Hanover ,Germany,Spain,1,3,France, ,France,4
2006,2006-06-30, 17:00 ,Quarter-finals,Olympiastadion,Berlin ,Germany,Germany,1,1,Argentina,Germany win on penalties (4 - 2) ,Germany,2
2006,2006-06-30, 21:00 ,Quarter-finals,"FIFA World Cup Stadium, Hamburg",Hamburg ,Germany,Italy,3,0,Ukraine, ,Italy,3
2006,2006-07-01, 17:00 ,Quarter-finals,"FIFA World Cup Stadium, Gelsenkirchen",Gelsenkirchen ,Germany,England,0,0,Portugal,Portugal win on penalties (1 - 3) ,Portugal,0
2006,2006-07-01, 21:00 ,Quarter-finals,"FIFA World Cup Stadium, Frankfurt",Frankfurt/Main ,Germany,Brazil,0,1,France, ,France,1
2006,2006-07-04, 21:00 ,Semi-finals,"FIFA World Cup Stadium, Dortmund",Dortmund ,Germany,Germany,0,2,Italy,Italy win after extra time ,Italy,2
2006,2006-07-05, 21:00 ,Semi-finals,"FIFA World Cup Stadium, Munich",Munich ,Germany,Portugal,0,1,France, ,France,1
2006,2006-07-08, 21:00 ,Third place,Gottlieb-Daimler-Stadion,Stuttgart ,Germany,Germany,3,1,Portugal, ,Germany,4
2006,2006-07-09, 20:00 ,Final,Olympiastadion,Berlin ,Germany,Italy,1,1,France,Italy win on penalties (5 - 3) ,Italy,2
2010,2010-06-11, 16:00 ,Group A,Soccer City Stadium,Johannesburg ,South Africa,South Africa,1,1,Mexico, ,Draw,2
2010,2010-06-11, 20:30 ,Group A,Cape Town Stadium,Cape Town ,South Africa,Uruguay,0,0,France, ,Draw,0
2010,2010-06-12, 13:30 ,Group B,Port Elizabeth Stadium,Nelson Mandela Bay/Port Elizabeth ,South Africa,Korea Republic,2,0,Greece, ,Korea Republic,2
2010,2010-06-12, 16:00 ,Group B,Ellis Park Stadium,Johannesburg ,South Africa,Argentina,1,0,Nigeria, ,Argentina,1
2010,2010-06-12, 20:30 ,Group C,Royal Bafokeng Sports Palace,Phokeng ,South Africa,England,1,1,USA, ,Draw,2
2010,2010-06-13, 13:30 ,Group C,Peter Mokaba Stadium,Polokwane ,South Africa,Algeria,0,1,Slovenia, ,Slovenia,1
2010,2010-06-13, 16:00 ,Group D,Loftus Versfeld Stadium,Tshwane/Pretoria ,South Africa,Serbia,0,1,Ghana, ,Ghana,1
2010,2010-06-13, 20:30 ,Group D,Durban Stadium,Durban ,South Africa,Germany,4,0,Australia, ,Germany,4
2010,2010-06-14, 13:30 ,Group E,Soccer City Stadium,Johannesburg ,South Africa,Netherlands,2,0,Denmark, ,Netherlands,2
2010,2010-06-14, 16:00 ,Group E,Free State Stadium,Mangaung/Bloemfontein ,South Africa,Japan,1,0,Cameroon, ,Japan,1
2010,2010-06-14, 20:30 ,Group F,Cape Town Stadium,Cape Town ,South Africa,Italy,1,1,Paraguay, ,Draw,2
2010,2010-06-15, 13:30 ,Group F,Royal Bafokeng Sports Palace,Phokeng ,South Africa,New Zealand,1,1,Slovakia, ,Draw,2
2010,2010-06-15, 16:00 ,Group G,Port Elizabeth Stadium,Nelson Mandela Bay/Port Elizabeth ,South Africa,Cï¿½te d'Ivoire,0,0,Portugal, ,Draw,0
2010,2010-06-15, 20:30 ,Group G,Ellis Park Stadium,Johannesburg ,South Africa,Brazil,2,1,Korea DPR, ,Brazil,3
2010,2010-06-16, 13:30 ,Group H,Mbombela Stadium,Nelspruit ,South Africa,Honduras,0,1,Chile, ,Chile,1
2010,2010-06-16, 16:00 ,Group H,Durban Stadium,Durban ,South Africa,Spain,0,1,Switzerland, ,Switzerland,1
2010,2010-06-16, 20:30 ,Group A,Loftus Versfeld Stadium,Tshwane/Pretoria ,South Africa,South Africa,0,3,Uruguay, ,Uruguay,3
2010,2010-06-17, 13:30 ,Group B,Soccer City Stadium,Johannesburg ,South Africa,Argentina,4,1,Korea Republic, ,Argentina,5
2010,2010-06-17, 16:00 ,Group B,Free State Stadium,Mangaung/Bloemfontein ,South Africa,Greece,2,1,Nigeria, ,Greece,3
2010,2010-06-17, 20:30 ,Group A,Peter Mokaba Stadium,Polokwane ,South Africa,France,0,2,Mexico, ,Mexico,2
2010,2010-06-18, 13:30 ,Group D,Port Elizabeth Stadium,Nelson Mandela Bay/Port Elizabeth ,South Africa,Germany,0,1,Serbia, ,Serbia,1
2010,2010-06-18, 16:00 ,Group C,Ellis Park Stadium,Johannesburg ,South Africa,Slovenia,2,2,USA, ,Draw,4
2010,2010-06-18, 20:30 ,Group C,Cape Town Stadium,Cape Town ,South Africa,England,0,0,Algeria, ,Draw,0
2010,2010-06-19, 13:30 ,Group E,Durban Stadium,Durban ,South Africa,Netherlands,1,0,Japan, ,Netherlands,1
2010,2010-06-19, 16:00 ,Group D,Royal Bafokeng Sports Palace,Phokeng ,South Africa,Ghana,1,1,Australia, ,Draw,2
2010,2010-06-19, 20:30 ,Group E,Loftus Versfeld Stadium,Tshwane/Pretoria ,South Africa,Cameroon,1,2,Denmark, ,Denmark,3
2010,2010-06-20, 13:30 ,Group F,Free State Stadium,Mangaung/Bloemfontein ,South Africa,Slovakia,0,2,Paraguay, ,Paraguay,2
2010,2010-06-20, 16:00 ,Group F,Mbombela Stadium,Nelspruit ,South Africa,Italy,1,1,New Zealand, ,Draw,2
2010,2010-06-20, 20:30 ,Group G,Soccer City Stadium,Johannesburg ,South Africa,Brazil,3,1,Cï¿½te d'Ivoire, ,Brazil,4
2010,2010-06-21, 13:30 ,Group G,Cape Town Stadium,Cape Town ,South Africa,Portugal,7,0,Korea DPR, ,Portugal,7
2010,2010-06-21, 16:00 ,Group H,Port Elizabeth Stadium,Nelson Mandela Bay/Port Elizabeth ,South Africa,Chile,1,0,Switzerland, ,Chile,1
2010,2010-06-21, 20:30 ,Group H,Ellis Park Stadium,Johannesburg ,South Africa,Spain,2,0,Honduras, ,Spain,2
2010,2010-06-22, 16:00 ,Group A,Royal Bafokeng Sports Palace,Phokeng ,South Africa,Mexico,0,1,Uruguay, ,Uruguay,1
2010,2010-06-22, 16:00 ,Group A,Free State Stadium,Mangaung/Bloemfontein ,South Africa,France,1,2,South Africa, ,South Africa,3
2010,2010-06-22, 20:30 ,Group B,Durban Stadium,Durban ,South Africa,Nigeria,2,2,Korea Republic, ,Draw,4
2010,2010-06-22, 20:30 ,Group B,Peter Mokaba Stadium,Polokwane ,South Africa,Greece,0,2,Argentina, ,Argentina,2
2010,2010-06-23, 16:00 ,Group C,Port Elizabeth Stadium,Nelson Mandela Bay/Port Elizabeth ,South Africa,Slovenia,0,1,England, ,England,1
2010,2010-06-23, 16:00 ,Group C,Loftus Versfeld Stadium,Tshwane/Pretoria ,South Africa,USA,1,0,Algeria, ,USA,1
2010,2010-06-23, 20:30 ,Group D,Soccer City Stadium,Johannesburg ,South Africa,Ghana,0,1,Germany, ,Germany,1
2010,2010-06-23, 20:30 ,Group D,Mbombela Stadium,Nelspruit ,South Africa,Australia,2,1,Serbia, ,Australia,3
2010,2010-06-24, 16:00 ,Group F,Ellis Park Stadium,Johannesburg ,South Africa,Slovakia,3,2,Italy, ,Slovakia,5
2010,2010-06-24, 16:00 ,Group F,Peter Mokaba Stadium,Polokwane ,South Africa,Paraguay,0,0,New Zealand, ,Draw,0
2010,2010-06-24, 20:30 ,Group E,Royal Bafokeng Sports Palace,Phokeng ,South Africa,Denmark,1,3,Japan, ,Japan,4
2010,2010-06-24, 20:30 ,Group E,Cape Town Stadium,Cape Town ,South Africa,Cameroon,1,2,Netherlands, ,Netherlands,3
2010,2010-06-25, 16:00 ,Group G,Durban Stadium,Durban ,South Africa,Portugal,0,0,Brazil, ,Draw,0
2010,2010-06-25, 16:00 ,Group G,Mbombela Stadium,Nelspruit ,South Africa,Korea DPR,0,3,Cï¿½te d'Ivoire, ,Cï¿½te d'Ivoire,3
2010,2010-06-25, 20:30 ,Group H,Loftus Versfeld Stadium,Tshwane/Pretoria ,South Africa,Chile,1,2,Spain, ,Spain,3
2010,2010-06-25, 20:30 ,Group H,Free State Stadium,Mangaung/Bloemfontein ,South Africa,Switzerland,0,0,Honduras, ,Draw,0
2010,2010-06-26, 16:00 ,Round of 16,Port Elizabeth Stadium,Nelson Mandela Bay/Port Elizabeth ,South Africa,Uruguay,2,1,Korea Republic, ,Uruguay,3
2010,2010-06-26, 20:30 ,Round of 16,Royal Bafokeng Sports Palace,Phokeng ,South Africa,USA,1,2,Ghana,Ghana win after extra time ,Ghana,3
2010,2010-06-27, 16:00 ,Round of 16,Free State Stadium,Mangaung/Bloemfontein ,South Africa,Germany,4,1,England, ,Germany,5
2010,2010-06-27, 20:30 ,Round of 16,Soccer City Stadium,Johannesburg ,South Africa,Argentina,3,1,Mexico, ,Argentina,4
2010,2010-06-28, 16:00 ,Round of 16,Durban Stadium,Durban ,South Africa,Netherlands,2,1,Slovakia, ,Netherlands,3
2010,2010-06-28, 20:30 ,Round of 16,Ellis Park Stadium,Johannesburg ,South Africa,Brazil,3,0,Chile, ,Brazil,3
2010,2010-06-29, 16:00 ,Round of 16,Loftus Versfeld Stadium,Tshwane/Pretoria ,South Africa,Paraguay,0,0,Japan,Paraguay win on penalties (5 - 3) ,Paraguay,0
2010,2010-06-29, 20:30 ,Round of 16,Cape Town Stadium,Cape Town ,South Africa,Spain,1,0,Portugal, ,Spain,1
2010,2010-07-02, 16:00 ,Quarter-finals,Port Elizabeth Stadium,Nelson Mandela Bay/Port Elizabeth ,South Africa,Netherlands,2,1,Brazil, ,Netherlands,3
2010,2010-07-02, 20:30 ,Quarter-finals,Soccer City Stadium,Johannesburg ,South Africa,Uruguay,1,1,Ghana,Uruguay win on penalties (4 - 2) ,Uruguay,2
2010,2010-07-03, 16:00 ,Quarter-finals,Cape Town Stadium,Cape Town ,South Africa,Argentina,0,4,Germany, ,Germany,4
2010,2010-07-03, 20:30 ,Quarter-finals,Ellis Park Stadium,Johannesburg ,South Africa,Paraguay,0,1,Spain, ,Spain,1
2010,2010-07-06, 20:30 ,Semi-finals,Cape Town Stadium,Cape Town ,South Africa,Uruguay,2,3,Netherlands, ,Netherlands,5
2010,2010-07-07, 20:30 ,Semi-finals,Durban Stadium,Durban ,South Africa,Germany,0,1,Spain, ,Spain,1
2010,2010-07-10, 20:30 ,Match for third place,Port Elizabeth Stadium,Nelson Mandela Bay/Port Elizabeth ,South Africa,Uruguay,2,3,Germany, ,Germany,5
2010,2010-07-11, 20:30 ,Final,Soccer City Stadium,Johannesburg ,South Africa,Netherlands,0,1,Spain,Spain win after extra time ,Spain,1
2014,2014-06-12, 17:00 ,Group A,Arena de Sao Paulo,Sao Paulo ,Brazil,Brazil,3,1,Croatia, ,Brazil,4
2014,2014-06-13, 13:00 ,Group A,Estadio das Dunas,Natal ,Brazil,Mexico,1,0,Cameroon, ,Mexico,1
2014,2014-06-13, 16:00 ,Group B,Arena Fonte Nova,Salvador ,Brazil,Spain,1,5,Netherlands, ,Netherlands,6
2014,2014-06-13, 18:00 ,Group B,Arena Pantanal,Cuiaba ,Brazil,Chile,3,1,Australia, ,Chile,4
2014,2014-06-14, 13:00 ,Group C,Estadio Mineirao,Belo Horizonte ,Brazil,Colombia,3,0,Greece, ,Colombia,3
2014,2014-06-14, 16:00 ,Group D,Estadio Castelao,Fortaleza ,Brazil,Uruguay,1,3,Costa Rica, ,Costa Rica,4
2014,2014-06-14, 18:00 ,Group D,Arena Amazonia,Manaus ,Brazil,England,1,2,Italy, ,Italy,3
2014,2014-06-14, 22:00 ,Group C,Arena Pernambuco,Recife ,Brazil,Cï¿½te d'Ivoire,2,1,Japan, ,Cï¿½te d'Ivoire,3
2014,2014-06-15, 13:00 ,Group E,Estadio Nacional,Brasilia ,Brazil,Switzerland,2,1,Ecuador, ,Switzerland,3
2014,2014-06-15, 16:00 ,Group E,Estadio Beira-Rio,Porto Alegre ,Brazil,France,3,0,Honduras, ,France,3
2014,2014-06-15, 19:00 ,Group F,Estadio do Maracana,Rio De Janeiro ,Brazil,Argentina,2,1,Bosnia and Herzegovina, ,Argentina,3
2014,2014-06-16, 13:00 ,Group G,Arena Fonte Nova,Salvador ,Brazil,Germany,4,0,Portugal, ,Germany,4
2014,2014-06-16, 16:00 ,Group F,Arena da Baixada,Curitiba ,Brazil,IR Iran,0,0,Nigeria, ,Draw,0
2014,2014-06-16, 19:00 ,Group G,Estadio das Dunas,Natal ,Brazil,Ghana,1,2,USA, ,USA,3
2014,2014-06-17, 13:00 ,Group H,Estadio Mineirao,Belo Horizonte ,Brazil,Belgium,2,1,Algeria, ,Belgium,3
2014,2014-06-17, 16:00 ,Group A,Estadio Castelao,Fortaleza ,Brazil,Brazil,0,0,Mexico, ,Draw,0
2014,2014-06-17, 18:00 ,Group H,Arena Pantanal,Cuiaba ,Brazil,Russia,1,1,Korea Republic, ,Draw,2
2014,2014-06-18, 13:00 ,Group B,Estadio Beira-Rio,Porto Alegre ,Brazil,Australia,2,3,Netherlands, ,Netherlands,5
2014,2014-06-18, 16:00 ,Group B,Estadio do Maracana,Rio De Janeiro ,Brazil,Spain,0,2,Chile, ,Chile,2
2014,2014-06-18, 18:00 ,Group A,Arena Amazonia,Manaus ,Brazil,Cameroon,0,4,Croatia, ,Croatia,4
2014,2014-06-19, 13:00 ,Group C,Estadio Nacional,Brasilia ,Brazil,Colombia,2,1,Cï¿½te d'Ivoire, ,Colombia,3
2014,2014-06-19, 16:00 ,Group D,Arena de Sao Paulo,Sao Paulo ,Brazil,Uruguay,2,1,England, ,Uruguay,3
2014,2014-06-19, 19:00 ,Group C,Estadio das Dunas,Natal ,Brazil,Japan,0,0,Greece, ,Draw,0
2014,2014-06-20, 13:00 ,Group D,Arena Pernambuco,Recife ,Brazil,Italy,0,1,Costa Rica, ,Costa Rica,1
2014,2014-06-20, 16:00 ,Group E,Arena Fonte Nova,Salvador ,Brazil,Switzerland,2,5,France, ,France,7
2014,2014-06-20, 19:00 ,Group E,Arena da Baixada,Curitiba ,Brazil,Honduras,1,2,Ecuador, ,Ecuador,3
2014,2014-06-21, 13:00 ,Group F,Estadio Mineirao,Belo Horizonte ,Brazil,Argentina,1,0,IR Iran, ,Argentina,1
2014,2014-06-21, 16:00 ,Group G,Estadio Castelao,Fortaleza ,Brazil,Germany,2,2,Ghana, ,Draw,4
2014,2014-06-21, 18:00 ,Group F,Arena Pantanal,Cuiaba ,Brazil,Nigeria,1,0,Bosnia and Herzegovina, ,Nigeria,1
2014,2014-06-22, 13:00 ,Group H,Estadio do Maracana,Rio De Janeiro ,Brazil,Belgium,1,0,Russia, ,Belgium,1
2014,2014-06-22, 16:00 ,Group H,Estadio Beira-Rio,Porto Alegre ,Brazil,Korea Republic,2,4,Algeria, ,Algeria,6
2014,2014-06-22, 18:00 ,Group G,Arena Amazonia,Manaus ,Brazil,USA,2,2,Portugal, ,Draw,4
2014,2014-06-23, 13:00 ,Group B,Arena da Baixada,Curitiba ,Brazil,Australia,0,3,Spain, ,Spain,3
2014,2014-06-23, 13:00 ,Group B,Arena de Sao Paulo,Sao Paulo ,Brazil,Netherlands,2,0,Chile, ,Netherlands,2
2014,2014-06-23, 17:00 ,Group A,Estadio Nacional,Brasilia ,Brazil,Cameroon,1,4,Brazil, ,Brazil,5
2014,2014-06-23, 17:00 ,Group A,Arena Pernambuco,Recife ,Brazil,Croatia,1,3,Mexico, ,Mexico,4
2014,2014-06-24, 13:00 ,Group D,Estadio das Dunas,Natal ,Brazil,Italy,0,1,Uruguay, ,Uruguay,1
2014,2014-06-24, 13:00 ,Group D,Estadio Mineirao,Belo Horizonte ,Brazil,Costa Rica,0,0,England, ,Draw,0
2014,2014-06-24, 16:00 ,Group C,Arena Pantanal,Cuiaba ,Brazil,Japan,1,4,Colombia, ,Colombia,5
2014,2014-06-24, 17:00 ,Group C,Estadio Castelao,Fortaleza ,Brazil,Greece,2,1,Cï¿½te d'Ivoire, ,Greece,3
2014,2014-06-25, 13:00 ,Group F,Estadio Beira-Rio,Porto Alegre ,Brazil,Nigeria,2,3,Argentina, ,Argentina,5
2014,2014-06-25, 13:00 ,Group F,Arena Fonte Nova,Salvador ,Brazil,Bosnia and Herzegovina,3,1,IR Iran, ,Bosnia and Herzegovina,4
2014,2014-06-25, 16:00 ,Group E,Arena Amazonia,Manaus ,Brazil,Honduras,0,3,Switzerland, ,Switzerland,3
2014,2014-06-25, 17:00 ,Group E,Estadio do Maracana,Rio De Janeiro ,Brazil,Ecuador,0,0,France, ,Draw,0
2014,2014-06-26, 13:00 ,Group G,Arena Pernambuco,Recife ,Brazil,USA,0,1,Germany, ,Germany,1
2014,2014-06-26, 13:00 ,Group G,Estadio Nacional,Brasilia ,Brazil,Portugal,2,1,Ghana, ,Portugal,3
2014,2014-06-26, 17:00 ,Group H,Arena de Sao Paulo,Sao Paulo ,Brazil,Korea Republic,0,1,Belgium, ,Belgium,1
2014,2014-06-26, 17:00 ,Group H,Arena da Baixada,Curitiba ,Brazil,Algeria,1,1,Russia, ,Draw,2
2014,2014-06-28, 13:00 ,Round of 16,Estadio Mineirao,Belo Horizonte ,Brazil,Brazil,1,1,Chile,Brazil win on penalties (3 - 2) ,Brazil,2
2014,2014-06-28, 17:00 ,Round of 16,Estadio do Maracana,Rio De Janeiro ,Brazil,Colombia,2,0,Uruguay, ,Colombia,2
2014,2014-06-30, 13:00 ,Round of 16,Estadio Nacional,Brasilia ,Brazil,France,2,0,Nigeria, ,France,2
2014,2014-06-30, 17:00 ,Round of 16,Estadio Beira-Rio,Porto Alegre ,Brazil,Germany,2,1,Algeria,Germany win after extra time ,Germany,3
2014,2014-07-04, 17:00 ,Quarter-finals,Estadio Castelao,Fortaleza ,Brazil,Brazil,2,1,Colombia, ,Brazil,3
2014,2014-07-04, 13:00 ,Quarter-finals,Estadio do Maracana,Rio De Janeiro ,Brazil,France,0,1,Germany, ,Germany,1
2014,2014-07-08, 17:00 ,Semi-finals,Estadio Mineirao,Belo Horizonte ,Brazil,Brazil,1,7,Germany, ,Germany,8
2014,2014-07-12, 17:00 ,Play-off for third place,Estadio Nacional,Brasilia ,Brazil,Brazil,0,3,Netherlands, ,Netherlands,3
2014,2014-07-13, 16:00 ,Final,Estadio do Maracana,Rio De Janeiro ,Brazil,Germany,1,0,Argentina,Germany win after extra time ,Germany,1
2014,2014-07-09, 17:00 ,Semi-finals,Arena de Sao Paulo,Sao Paulo ,Brazil,Netherlands,0,0,Argentina,Argentina win on penalties (2 - 4) ,Argentina,0
2014,2014-07-05, 17:00 ,Quarter-finals,Arena Fonte Nova,Salvador ,Brazil,Netherlands,0,0,Costa Rica,Netherlands win on penalties (4 - 3) ,Netherlands,0
2014,2014-07-05, 13:00 ,Quarter-finals,Estadio Nacional,Brasilia ,Brazil,Argentina,1,0,Belgium, ,Argentina,1
2014,2014-06-29, 13:00 ,Round of 16,Estadio Castelao,Fortaleza ,Brazil,Netherlands,2,1,Mexico, ,Netherlands,3
2014,2014-06-29, 17:00 ,Round of 16,Arena Pernambuco,Recife ,Brazil,Costa Rica,1,1,Greece,Costa Rica win on penalties (5 - 3) ,Costa Rica,2
2014,2014-07-01, 13:00 ,Round of 16,Arena de Sao Paulo,Sao Paulo ,Brazil,Argentina,1,0,Switzerland,Argentina win after extra time ,Argentina,1
2014,2014-07-01, 17:00 ,Round of 16,Arena Fonte Nova,Salvador ,Brazil,Belgium,2,1,USA,Belgium win after extra time ,Belgium,3
2014,2014-06-28, 13:00 ,Round of 16,Estadio Mineirao,Belo Horizonte ,Brazil,Brazil,1,1,Chile,Brazil win on penalties (3 - 2) ,Brazil,2
2014,2014-06-28, 17:00 ,Round of 16,Estadio do Maracana,Rio De Janeiro ,Brazil,Colombia,2,0,Uruguay, ,Colombia,2
2014,2014-06-29, 13:00 ,Round of 16,Estadio Castelao,Fortaleza ,Brazil,Netherlands,2,1,Mexico, ,Netherlands,3
2014,2014-06-29, 17:00 ,Round of 16,Arena Pernambuco,Recife ,Brazil,Costa Rica,1,1,Greece,Costa Rica win on penalties (5 - 3) ,Costa Rica,2
2014,2014-06-30, 13:00 ,Round of 16,Estadio Nacional,Brasilia ,Brazil,France,2,0,Nigeria, ,France,2
2014,2014-06-30, 17:00 ,Round of 16,Estadio Beira-Rio,Porto Alegre ,Brazil,Germany,2,1,Algeria,Germany win after extra time ,Germany,3
2014,2014-07-01, 13:00 ,Round of 16,Arena de Sao Paulo,Sao Paulo ,Brazil,Argentina,1,0,Switzerland,Argentina win after extra time ,Argentina,1
2014,2014-07-01, 17:00 ,Round of 16,Arena Fonte Nova,Salvador ,Brazil,Belgium,2,1,USA,Belgium win after extra time ,Belgium,3
2014,2014-07-04, 13:00 ,Quarter-finals,Estadio do Maracana,Rio De Janeiro ,Brazil,France,0,1,Germany, ,Germany,1
2014,2014-07-04, 17:00 ,Quarter-finals,Estadio Castelao,Fortaleza ,Brazil,Brazil,2,1,Colombia, ,Brazil,3
2014,2014-07-05, 13:00 ,Quarter-finals,Estadio Nacional,Brasilia ,Brazil,Argentina,1,0,Belgium, ,Argentina,1
2014,2014-07-05, 17:00 ,Quarter-finals,Arena Fonte Nova,Salvador ,Brazil,Netherlands,0,0,Costa Rica,Netherlands win on penalties (4 - 3) ,Netherlands,0
2014,2014-07-08, 17:00 ,Semi-finals,Estadio Mineirao,Belo Horizonte ,Brazil,Brazil,1,7,Germany, ,Germany,8
2014,2014-07-09, 17:00 ,Semi-finals,Arena de Sao Paulo,Sao Paulo ,Brazil,Netherlands,0,0,Argentina,Argentina win on penalties (2 - 4) ,Argentina,0
2014,2014-07-12, 17:00 ,Play-off for third place,Estadio Nacional,Brasilia ,Brazil,Brazil,0,3,Netherlands, ,Netherlands,3
2014,2014-07-13, 16:00 ,Final,Estadio do Maracana,Rio De Janeiro ,Brazil,Germany,1,0,Argentina,Germany win after extra time ,Germany,1
